x,y,z,timestamp
-162.62740005009235,73,-164.5,2026-01-29T14:52:29.721Z
-162.82436052753513,73,-164.5,2026-01-29T14:52:29.722Z
-163.05930099831124,73,-164.5,2026-01-29T14:52:29.723Z
-163.31497854544736,73,-164.5,2026-01-29T14:52:29.760Z
-163.58197853627604,73,-164.5,2026-01-29T14:52:29.762Z
-163.85516058136085,73,-164.5,2026-01-29T14:52:29.764Z
-164.1317180280695,73,-164.5,2026-01-29T14:52:29.765Z
-164.4101184440648,73,-164.5,2026-01-29T14:52:29.807Z
-164.6895251212906,73,-164.5,2026-01-29T14:52:29.808Z
-164.96948121714823,73,-164.5,2026-01-29T14:52:29.809Z
-165.24973729557885,73,-164.5,2026-01-29T14:52:29.809Z
-165.53015716449434,73,-164.5,2026-01-29T14:52:29.858Z
-165.81066646301454,73,-164.5,2026-01-29T14:52:29.859Z
-166.09122459009893,73,-164.5,2026-01-29T14:52:29.860Z
-166.37180937757938,73,-164.5,2026-01-29T14:52:29.862Z
-166.65240872163605,73,-164.5,2026-01-29T14:52:29.908Z
-166.93301601358334,73,-164.5,2026-01-29T14:52:29.909Z
-167.21362764507893,73,-164.5,2026-01-29T14:52:29.910Z
-167.4942416459679,73,-164.5,2026-01-29T14:52:29.911Z
-167.77485694054562,73,-164.5,2026-01-29T14:52:29.959Z
-168.0554729414774,73,-164.5,2026-01-29T14:52:29.959Z
-168.33608932807851,73,-164.5,2026-01-29T14:52:29.960Z
-168.43274814238168,73,-164.41700694980278,2026-01-29T14:52:33.676Z
-168.58218266929438,73,-164.28869969419787,2026-01-29T14:52:33.708Z
-168.76043273529191,73,-164.13565088244036,2026-01-29T14:52:33.736Z
-168.95441608562973,73,-163.96909318102354,2026-01-29T14:52:33.787Z
-169.15698980921735,73,-163.79515962585273,2026-01-29T14:52:33.840Z
-169.3593161843804,73,-163.6117724016368,2026-01-29T14:52:33.890Z
-169.56104328869296,73,-163.42274443767712,2026-01-29T14:52:33.940Z
-169.7,73,-163.23016003057054,2026-01-29T14:52:33.991Z
-169.7,73,-163.03902071942463,2026-01-29T14:52:34.043Z
-169.7,73,-162.86360190071616,2026-01-29T14:52:34.093Z
-169.7,73,-162.71509247315277,2026-01-29T14:52:34.144Z
-169.7,73,-162.60103276639222,2026-01-29T14:52:34.193Z
-169.82639546264483,73,-162.52278870626662,2026-01-29T14:52:34.245Z
-170.0227336582311,73,-162.47573236327955,2026-01-29T14:52:34.297Z
-170.5,73,-162.45637410553013,2026-01-29T14:52:34.349Z
-170.7,73.41999998688698,-162.4709405281737,2026-01-29T14:52:37.717Z
-170.7,73.7531999805212,-162.47982747663494,2026-01-29T14:52:37.769Z
-170.72547126864038,74.00133597911214,-162.48858158837754,2026-01-29T14:52:37.820Z
-170.77412697969876,74.16610926093821,-162.49694805250843,2026-01-29T14:52:37.869Z
-170.84388332748836,74.2,-162.50469494722594,2026-01-29T14:52:37.921Z
-170.93284081811368,74.12159999847412,-162.51154450402424,2026-01-29T14:52:37.971Z
-171.03926654639764,74,-162.51724398785205,2026-01-29T14:52:38.022Z
-171.5,74,-162.51776210781057,2026-01-29T14:52:38.076Z
-171.62737865762972,74,-162.51542751063275,2026-01-29T14:52:42.837Z
-171.8243060623253,74,-162.51309291345493,2026-01-29T14:52:42.888Z
-172.05920708291882,74,-162.5107583162771,2026-01-29T14:52:42.939Z
-172.3148277278511,74,-162.50775680105713,2026-01-29T14:52:42.990Z
-172.58168489858716,73.92159999847412,-162.50242184067437,2026-01-29T14:52:43.041Z
-172.7,73.76636799395752,-162.50235513426657,2026-01-29T14:52:43.092Z
-172.7,73.53584062504456,-162.50228842785876,2026-01-29T14:52:43.143Z
-172.7,73.23152379758702,-162.50222172145095,2026-01-29T14:52:43.193Z
-172.72547991268146,73,-162.50215501504314,2026-01-29T14:52:43.244Z
-172.8760662467211,73,-162.50182148287294,2026-01-29T14:52:43.294Z
-173.08568599860627,73,-162.50148795070274,2026-01-29T14:52:43.345Z
-173.32753799663507,73,-162.50115441853254,2026-01-29T14:52:43.396Z
-173.58698923765115,73,-162.50115441853254,2026-01-29T14:52:43.447Z
-173.8560496653383,73,-162.50115441853254,2026-01-29T14:52:43.497Z
-174.13035627235502,73,-162.50082088636233,2026-01-29T14:52:43.549Z
-174.40752729328565,73,-162.50048735419213,2026-01-29T14:52:43.550Z
-174.68626272080613,73,-162.50048735419213,2026-01-29T14:52:43.600Z
-174.96585231432468,73,-162.50048735419213,2026-01-29T14:52:43.649Z
-175.24590828247815,73,-162.50048735419213,2026-01-29T14:52:43.700Z
-175.5262188911823,73,-162.50048735419213,2026-01-29T14:52:43.751Z
-175.80666853362715,73,-162.50048735419213,2026-01-29T14:52:43.802Z
-176.08719408849439,73,-162.50048735419213,2026-01-29T14:52:43.852Z
-176.36776109154425,73,-162.50048735419213,2026-01-29T14:52:43.903Z
-176.61651486305524,73,-162.58473851896102,2026-01-29T14:52:43.955Z
-176.84075392539293,73,-162.7,2026-01-29T14:52:44.005Z
-177.0441390324046,73,-162.7,2026-01-29T14:52:44.054Z
-177.21830876000996,73,-162.7,2026-01-29T14:52:44.104Z
-177.35561789487014,73,-162.82020349695992,2026-01-29T14:52:44.154Z
-177.4570766423288,73,-163.01045065963123,2026-01-29T14:52:44.205Z
-177.52346600576618,73,-163.2412505063205,2026-01-29T14:52:44.254Z
-177.68285949961924,73,-163.39991850158813,2026-01-29T14:52:44.304Z
-177.89632517942306,73,-163.50218773034956,2026-01-29T14:52:44.353Z
-178.14027705409546,73,-163.5576931970831,2026-01-29T14:52:44.405Z
-178.39925371458978,73,-163.56774006569975,2026-01-29T14:52:44.455Z
-178.66782413334187,73,-163.56555904206562,2026-01-29T14:52:44.506Z
-178.94147090023606,73,-163.55556334933968,2026-01-29T14:52:44.557Z
-179.217652164418,73,-163.5374523600188,2026-01-29T14:52:44.607Z
-179.49579436064084,73,-163.52389540887552,2026-01-29T14:52:44.657Z
-179.77502468746673,73,-163.5134917983313,2026-01-29T14:52:44.708Z
-180.0548631035434,73,-163.50547682979635,2026-01-29T14:52:44.760Z
-180.33504401414226,73,-163.49943304184478,2026-01-29T14:52:44.810Z
-180.61542284142158,73,-163.4961331336232,2026-01-29T14:52:44.860Z
-180.89590798484008,73,-163.4968001956776,2026-01-29T14:52:44.911Z
-181.1764511768706,73,-163.49746725773198,2026-01-29T14:52:44.971Z
-181.65702668782995,73.41999998688698,-163.49832438807962,2026-01-29T14:52:45.013Z
-181.7,73.7531999805212,-163.49839109448743,2026-01-29T14:52:45.064Z
-181.72547991268146,74.00133597911214,-163.49845780089524,2026-01-29T14:52:45.115Z
-181.77414654590308,74.16610926093821,-163.49852450730305,2026-01-29T14:52:45.166Z
-181.8439130948162,74.24918707874468,-163.49859121371085,2026-01-29T14:52:45.218Z
-181.93288056700862,74.25220334025373,-163.49865792011866,2026-01-29T14:52:45.267Z
-182.03932087938517,74.17675927506424,-163.49872462652647,2026-01-29T14:52:45.318Z
-182.5,74.02442408821369,-163.49879133293427,2026-01-29T14:52:45.369Z
-182.37259994990765,74,-163.4987913329343,2026-01-29T14:52:45.521Z
-182.1756399090577,74,-163.49912486510453,2026-01-29T14:52:45.571Z
-181.94069967666127,74,-163.49912486510456,2026-01-29T14:52:45.622Z
-181.6850226962733,74,-163.4994583972748,2026-01-29T14:52:45.672Z
-181.41802345148196,73.92159999847412,-163.49979192944502,2026-01-29T14:52:45.723Z
-181.41802345148196,73.76636799395752,-163.49979192944502,2026-01-29T14:52:45.774Z
-181.41802345148196,73.53584062504456,-163.49979192944502,2026-01-29T14:52:45.823Z
-181.41802345148196,73.23152379758702,-163.49979192944502,2026-01-29T14:52:45.875Z
-181.41802345148196,73,-163.49979192944502,2026-01-29T14:52:45.926Z
-181.42835161395504,73,-163.37281121506894,2026-01-29T14:52:46.282Z
-181.44431895313843,73,-163.17649903064347,2026-01-29T14:52:46.333Z
-181.46336528280563,73,-162.94233186357107,2026-01-29T14:52:46.384Z
-181.48442514023608,73,-162.68752335016447,2026-01-29T14:52:46.435Z
-181.48609275536757,73,-162.56013421474347,2026-01-29T14:52:50.488Z
-181.48776037049905,73,-162.3631906113826,2026-01-29T14:52:50.540Z
-181.48942798563053,73,-162.1282702685266,2026-01-29T14:52:50.580Z
-181.49142909864287,73,-161.87261942826285,2026-01-29T14:52:50.621Z
-181.49443061386285,73,-161.60566938179062,2026-01-29T14:52:50.673Z
-181.49443061386285,72.92159999847412,-161.60566938179062,2026-01-29T14:52:58.597Z
-181.49443061386285,72.76636799395752,-161.60566938179062,2026-01-29T14:52:58.688Z
-181.49443061386285,72.53584062504456,-161.60566938179062,2026-01-29T14:52:58.735Z
-181.49443061386285,72.23152379758702,-161.60566938179062,2026-01-29T14:52:58.735Z
-181.49443061386285,72,-161.60566938179062,2026-01-29T14:52:58.749Z
-181.6211327531507,72,-161.59235245033423,2026-01-29T14:53:00.508Z
-181.81701426048974,72,-161.57176447430265,2026-01-29T14:53:00.559Z
-182.05066770278472,72,-161.54720650793303,2026-01-29T14:53:00.609Z
-182.30494462156565,72,-161.52048092683881,2026-01-29T14:53:00.660Z
-182.5704819585079,71.92159999847412,-161.49257182810499,2026-01-29T14:53:00.711Z
-182.5704819585079,71.76636799395752,-161.49257182810499,2026-01-29T14:53:00.761Z
-182.5704819585079,71.53584062504456,-161.49257182810499,2026-01-29T14:53:00.812Z
-182.5704819585079,71.23152379758702,-161.49257182810499,2026-01-29T14:53:00.863Z
-182.5704819585079,71,-161.49257182810499,2026-01-29T14:53:00.915Z
-182.69787807928267,71,-161.49357241547162,2026-01-29T14:53:04.971Z
-182.89483248200045,71,-161.49457300283825,2026-01-29T14:53:05.022Z
-183.12976570665913,71,-161.49557359020488,2026-01-29T14:53:05.073Z
-183.38542838274375,71,-161.49724120533634,2026-01-29T14:53:05.124Z
-183.6523848915742,70.92159999847412,-161.5002427205563,2026-01-29T14:53:05.175Z
-183.7,70.76636799395752,-161.50017601414848,2026-01-29T14:53:05.227Z
-183.67452,70.53584062504456,-161.50017601414848,2026-01-29T14:53:05.277Z
-183.6258532,70.23152379758702,-161.50017601414848,2026-01-29T14:53:05.328Z
-183.55608649931852,69.85489329934836,-161.50010930774067,2026-01-29T14:53:05.379Z
-183.55608649931852,69.40739540236494,-161.50010930774067,2026-01-29T14:53:05.430Z
-183.55608649931852,69,-161.50010930774067,2026-01-29T14:53:05.481Z
-183.55608649931852,68.92159999847412,-161.50010930774067,2026-01-29T14:53:11.879Z
-183.55608649931852,68.76636799395752,-161.50010930774067,2026-01-29T14:53:11.930Z
-183.55608649931852,68.53584062504456,-161.50010930774067,2026-01-29T14:53:11.981Z
-183.55608649931852,68.23152379758702,-161.50010930774067,2026-01-29T14:53:12.032Z
-183.55608649931852,68,-161.50010930774067,2026-01-29T14:53:12.083Z
-183.68348654941087,68,-161.50010930774067,2026-01-29T14:53:14.920Z
-183.88044702685366,68,-161.50010930774067,2026-01-29T14:53:14.971Z
-184.11538749762977,68,-161.50010930774067,2026-01-29T14:53:15.022Z
-184.37106504476588,68,-161.50010930774067,2026-01-29T14:53:15.072Z
-184.24366499467354,68,-161.5001093077407,2026-01-29T14:53:15.174Z
-184.04670451723075,68,-161.50010930774073,2026-01-29T14:53:15.226Z
-183.5,68,-161.50010930774076,2026-01-29T14:53:15.276Z
-183.62740005009235,68,-161.50010930774076,2026-01-29T14:53:17.204Z
-183.82436052753513,68,-161.50010930774076,2026-01-29T14:53:17.255Z
-184.05930099831124,68,-161.50010930774076,2026-01-29T14:53:17.305Z
-184.31497854544736,68,-161.50010930774076,2026-01-29T14:53:17.354Z
-184.4423785955397,68,-161.50010930774076,2026-01-29T14:53:18.217Z
-184.6393390729825,68,-161.50010930774076,2026-01-29T14:53:18.266Z
-184.8742795437586,68,-161.50010930774076,2026-01-29T14:53:18.318Z
-185.12995709089472,68,-161.50010930774076,2026-01-29T14:53:18.368Z
-185.3969570817234,68,-161.50010930774076,2026-01-29T14:53:18.419Z
-185.26955703163105,68,-161.5001093077408,2026-01-29T14:53:18.520Z
-185.07259655418827,68,-161.50010930774081,2026-01-29T14:53:18.571Z
-184.5,68,-161.50010930774084,2026-01-29T14:53:18.622Z
-184.62740005009235,68,-161.50010930774084,2026-01-29T14:53:20.554Z
-184.82436052753513,68,-161.50010930774084,2026-01-29T14:53:20.605Z
-185.05930099831124,68,-161.50010930774084,2026-01-29T14:53:20.654Z
-185.31497854544736,68,-161.50010930774084,2026-01-29T14:53:20.704Z
-185.4423785955397,68,-161.50010930774084,2026-01-29T14:53:21.562Z
-185.6393390729825,68,-161.50010930774084,2026-01-29T14:53:21.612Z
-185.8742795437586,68,-161.50010930774084,2026-01-29T14:53:21.663Z
-186.12995709089472,68,-161.50010930774084,2026-01-29T14:53:21.715Z
-186.3969570817234,68,-161.50010930774084,2026-01-29T14:53:21.766Z
-186.26955703163105,68,-161.50010930774087,2026-01-29T14:53:21.868Z
-186.07259655418827,68,-161.5001093077409,2026-01-29T14:53:21.919Z
-185.5,68,-161.50010930774093,2026-01-29T14:53:21.971Z
-185.62740005009235,68,-161.50010930774093,2026-01-29T14:53:23.853Z
-185.82436052753513,68,-161.50010930774093,2026-01-29T14:53:23.902Z
-186.05930099831124,68,-161.50010930774093,2026-01-29T14:53:23.953Z
-186.31497854544736,68,-161.50010930774093,2026-01-29T14:53:24.002Z
-186.4423785955397,68,-161.50010930774093,2026-01-29T14:53:24.902Z
-186.6393390729825,68,-161.50010930774093,2026-01-29T14:53:24.953Z
-186.8742795437586,68,-161.50010930774093,2026-01-29T14:53:25.003Z
-187.12995709089472,68,-161.50010930774093,2026-01-29T14:53:25.052Z
-187.3969570817234,68,-161.50010930774093,2026-01-29T14:53:25.102Z
-187.26955703163105,68,-161.50010930774096,2026-01-29T14:53:25.204Z
-187.07259655418827,68,-161.50010930774098,2026-01-29T14:53:25.255Z
-186.5,68,-161.500109307741,2026-01-29T14:53:25.305Z
-186.62740005009235,68,-161.500109307741,2026-01-29T14:53:27.229Z
-186.82436052753513,68,-161.500109307741,2026-01-29T14:53:27.281Z
-187.05930099831124,68,-161.500109307741,2026-01-29T14:53:27.331Z
-187.31497854544736,68,-161.500109307741,2026-01-29T14:53:27.381Z
-187.4423785955397,68,-161.500109307741,2026-01-29T14:53:28.246Z
-187.6393390729825,68,-161.500109307741,2026-01-29T14:53:28.296Z
-187.8742795437586,68,-161.500109307741,2026-01-29T14:53:28.347Z
-188.12995709089472,68,-161.500109307741,2026-01-29T14:53:28.398Z
-188.3969570817234,68,-161.500109307741,2026-01-29T14:53:28.399Z
-188.3969570817234,67.92159999847412,-161.500109307741,2026-01-29T14:53:29.657Z
-188.3969570817234,67.76636799395752,-161.500109307741,2026-01-29T14:53:29.708Z
-188.3969570817234,67.53584062504456,-161.500109307741,2026-01-29T14:53:29.760Z
-188.3969570817234,67.23152379758702,-161.500109307741,2026-01-29T14:53:29.810Z
-188.3969570817234,67,-161.500109307741,2026-01-29T14:53:29.862Z
-188.3,67.41999998688698,-161.5001093077411,2026-01-29T14:53:30.270Z
-188.3,67.7531999805212,-161.5001093077411,2026-01-29T14:53:30.320Z
-188.27452000000002,68.00133597911214,-161.5001093077411,2026-01-29T14:53:30.371Z
-188.22585320000002,68.16610926093821,-161.5001093077411,2026-01-29T14:53:30.423Z
-188.156086412,68.2,-161.5001093077411,2026-01-29T14:53:30.473Z
-188.06711863492,68.12159999847412,-161.5001093077411,2026-01-29T14:53:30.524Z
-187.9606779577772,68,-161.5001093077411,2026-01-29T14:53:30.575Z
-187.5,68,-161.50010930774113,2026-01-29T14:53:30.626Z
-187.62740005009235,68,-161.50010930774113,2026-01-29T14:53:32.802Z
-187.82436052753513,68,-161.50010930774113,2026-01-29T14:53:32.854Z
-188.05930099831124,68,-161.50010930774113,2026-01-29T14:53:32.904Z
-188.31497854544736,68,-161.50010930774113,2026-01-29T14:53:32.954Z
-188.58197853627604,67.92159999847412,-161.50010930774113,2026-01-29T14:53:33.004Z
-188.58197853627604,67.76636799395752,-161.50010930774113,2026-01-29T14:53:33.054Z
-188.58197853627604,67.53584062504456,-161.50010930774113,2026-01-29T14:53:33.104Z
-188.58197853627604,67.23152379758702,-161.50010930774113,2026-01-29T14:53:33.154Z
-188.58197853627604,67,-161.50010930774113,2026-01-29T14:53:33.204Z
-188.7093785863684,67,-161.50010930774113,2026-01-29T14:53:34.008Z
-188.90633906381117,67,-161.50010930774113,2026-01-29T14:53:34.058Z
-189.14127953458728,67,-161.50010930774113,2026-01-29T14:53:34.109Z
-189.3969570817234,67,-161.50010930774113,2026-01-29T14:53:34.160Z
-189.26955703163105,67,-161.50010930774116,2026-01-29T14:53:34.262Z
-189.07259655418827,67,-161.50010930774118,2026-01-29T14:53:34.313Z
-188.5,67,-161.5001093077412,2026-01-29T14:53:34.363Z
-188.62740005009235,67,-161.5001093077412,2026-01-29T14:53:36.295Z
-188.82436052753513,67,-161.5001093077412,2026-01-29T14:53:36.346Z
-189.05930099831124,67,-161.5001093077412,2026-01-29T14:53:36.396Z
-189.31497854544736,67,-161.5001093077412,2026-01-29T14:53:36.447Z
-189.4423785955397,67,-161.5001093077412,2026-01-29T14:53:37.310Z
-189.6393390729825,67,-161.5001093077412,2026-01-29T14:53:37.361Z
-189.8742795437586,67,-161.5001093077412,2026-01-29T14:53:37.412Z
-190.12995709089472,67,-161.5001093077412,2026-01-29T14:53:37.463Z
-190.3969570817234,67,-161.5001093077412,2026-01-29T14:53:37.513Z
-190.26955703163105,67,-161.50010930774124,2026-01-29T14:53:37.614Z
-190.07259655418827,67,-161.50010930774127,2026-01-29T14:53:37.665Z
-189.5,67,-161.5001093077413,2026-01-29T14:53:37.715Z
-189.62740005009235,67,-161.5001093077413,2026-01-29T14:53:39.603Z
-189.82436052753513,67,-161.5001093077413,2026-01-29T14:53:39.650Z
-190.05930099831124,67,-161.5001093077413,2026-01-29T14:53:39.701Z
-190.31497854544736,67,-161.5001093077413,2026-01-29T14:53:39.751Z
-190.4423785955397,67,-161.5001093077413,2026-01-29T14:53:40.604Z
-190.6393390729825,67,-161.5001093077413,2026-01-29T14:53:40.655Z
-190.8742795437586,67,-161.5001093077413,2026-01-29T14:53:40.705Z
-191.12995709089472,67,-161.5001093077413,2026-01-29T14:53:40.753Z
-191.3969570817234,67,-161.5001093077413,2026-01-29T14:53:40.803Z
-191.26955703163105,67,-161.50010930774133,2026-01-29T14:53:41.408Z
-191.07259655418827,67,-161.50010930774135,2026-01-29T14:53:41.460Z
-190.83765608341216,67,-161.50010930774138,2026-01-29T14:53:41.511Z
-190.58197853627604,67,-161.5001093077414,2026-01-29T14:53:41.563Z
-190.31497854544736,67,-161.50010930774144,2026-01-29T14:53:41.614Z
-190.04179650036255,67,-161.50010930774147,2026-01-29T14:53:41.665Z
-189.7652390536539,67,-161.5001093077415,2026-01-29T14:53:41.717Z
-189.4868386376586,67,-161.50010930774152,2026-01-29T14:53:41.766Z
-189.2074319604328,67,-161.50010930774155,2026-01-29T14:53:41.817Z
-188.92747586457517,67,-161.50010930774158,2026-01-29T14:53:41.868Z
-188.64721978614455,67,-161.5001093077416,2026-01-29T14:53:41.937Z
-188.3,67.41999998688698,-161.5001093077417,2026-01-29T14:53:41.970Z
-188.3,67.7531999805212,-161.5001093077417,2026-01-29T14:53:42.021Z
-188.27452000000002,68.00133597911214,-161.5001093077417,2026-01-29T14:53:42.072Z
-188.22585320000002,68.16610926093821,-161.5001093077417,2026-01-29T14:53:42.123Z
-188.156086412,68.2,-161.5001093077417,2026-01-29T14:53:42.174Z
-188.06711863492,68.12159999847412,-161.5001093077417,2026-01-29T14:53:42.225Z
-187.9606779577772,68,-161.5001093077417,2026-01-29T14:53:42.275Z
-187.73641689148488,68,-161.50010930774172,2026-01-29T14:53:42.328Z
-187.48657029919693,68,-161.50010930774175,2026-01-29T14:53:42.378Z
-187.22275400971535,68,-161.50010930774178,2026-01-29T14:53:42.428Z
-186.95131026556604,68,-161.5001093077418,2026-01-29T14:53:42.480Z
-186.67570193116816,68,-161.50010930774184,2026-01-29T14:53:42.530Z
-186.39781973049458,68,-161.50010930774187,2026-01-29T14:53:42.581Z
-186.11869599883443,68,-161.5001093077419,2026-01-29T14:53:42.632Z
-185.83889439125562,68,-161.50010930774192,2026-01-29T14:53:42.683Z
-185.55872266342524,68,-161.50010930774195,2026-01-29T14:53:42.735Z
-185.2783488499375,68,-161.50010930774198,2026-01-29T14:53:42.785Z
-184.99786469768082,68,-161.500109307742,2026-01-29T14:53:42.836Z
-184.71732030045632,68,-161.50010930774204,2026-01-29T14:53:42.887Z
-184.4367430094794,68,-161.50010930774206,2026-01-29T14:53:42.938Z
-184.1561477585136,68,-161.5001093077421,2026-01-29T14:53:42.989Z
-183.87554270139395,68,-161.50010930774212,2026-01-29T14:53:43.040Z
-183.59493229011426,68,-161.50010930774215,2026-01-29T14:53:43.090Z
-183.59493229011426,68.41999998688698,-161.50010930774215,2026-01-29T14:53:43.193Z
-183.59493229011426,68.7531999805212,-161.50010930774215,2026-01-29T14:53:43.245Z
-183.59493229011426,69.00133597911214,-161.50010930774215,2026-01-29T14:53:43.296Z
-183.59493229011426,69.16610926093821,-161.50010930774215,2026-01-29T14:53:43.347Z
-183.59493229011426,69.24918707874468,-161.50010930774215,2026-01-29T14:53:43.398Z
-183.59493229011426,69.17675927506424,-161.50010930774215,2026-01-29T14:53:43.449Z
-183.59493229011426,69.02442408821369,-161.50010930774215,2026-01-29T14:53:43.500Z
-183.59493229011426,68.79673560066871,-161.50010930774215,2026-01-29T14:53:43.551Z
-183.59493229011426,68.49520087700593,-161.50010930774215,2026-01-29T14:53:43.600Z
-183.59493229011426,68.1212968405392,-161.50010930774215,2026-01-29T14:53:43.651Z
-183.59493229011426,68,-161.50010930774215,2026-01-29T14:53:43.702Z
-183.59493229011426,68.41999998688698,-161.50010930774215,2026-01-29T14:53:43.751Z
-183.59493229011426,68.7531999805212,-161.50010930774215,2026-01-29T14:53:43.802Z
-183.59493229011426,69.00133597911214,-161.50010930774215,2026-01-29T14:53:43.852Z
-183.59493229011426,69.16610926093821,-161.50010930774215,2026-01-29T14:53:43.902Z
-183.59493229011426,69.24918707874468,-161.50010930774215,2026-01-29T14:53:43.952Z
-183.59493229011426,69.17675927506424,-161.50010930774215,2026-01-29T14:53:44.052Z
-183.59493229011426,69.02442408821369,-161.50010930774215,2026-01-29T14:53:44.102Z
-183.59493229011426,68.79673560066871,-161.50010930774215,2026-01-29T14:53:44.152Z
-183.59493229011426,68.49520087700593,-161.50010930774215,2026-01-29T14:53:44.202Z
-183.59493229011426,68.1212968405392,-161.50010930774215,2026-01-29T14:53:44.252Z
-183.59493229011426,68,-161.50010930774215,2026-01-29T14:53:44.303Z
-183.59493229011426,68.41999998688698,-161.50010930774215,2026-01-29T14:53:44.352Z
-183.59493229011426,68.7531999805212,-161.50010930774215,2026-01-29T14:53:44.403Z
-183.59493229011426,69.00133597911214,-161.50010930774215,2026-01-29T14:53:44.452Z
-183.59493229011426,69.16610926093821,-161.50010930774215,2026-01-29T14:53:44.503Z
-183.59493229011426,69.24918707874468,-161.50010930774215,2026-01-29T14:53:44.554Z
-183.59493229011426,69.17675927506424,-161.50010930774215,2026-01-29T14:53:44.655Z
-183.59493229011426,69.02442408821369,-161.50010930774215,2026-01-29T14:53:44.706Z
-183.59493229011426,68.79673560066871,-161.50010930774215,2026-01-29T14:53:44.756Z
-183.59493229011426,68.49520087700593,-161.50010930774215,2026-01-29T14:53:44.807Z
-183.59493229011426,68.1212968405392,-161.50010930774215,2026-01-29T14:53:44.857Z
-183.59493229011426,68,-161.50010930774215,2026-01-29T14:53:44.908Z
-183.59493229011426,68.41999998688698,-161.50010930774215,2026-01-29T14:53:44.958Z
-183.59493229011426,68.7531999805212,-161.50010930774215,2026-01-29T14:53:45.009Z
-183.59493229011426,69.00133597911214,-161.50010930774215,2026-01-29T14:53:45.060Z
-183.59493229011426,69.16610926093821,-161.50010930774215,2026-01-29T14:53:45.110Z
-183.59493229011426,69.24918707874468,-161.50010930774215,2026-01-29T14:53:45.161Z
-183.59493229011426,69.17675927506424,-161.50010930774215,2026-01-29T14:53:45.263Z
-183.59493229011426,69.02442408821369,-161.50010930774215,2026-01-29T14:53:45.313Z
-183.59493229011426,68.79673560066871,-161.50010930774215,2026-01-29T14:53:45.365Z
-183.59493229011426,68.49520087700593,-161.50010930774215,2026-01-29T14:53:45.415Z
-183.59493229011426,68.1212968405392,-161.50010930774215,2026-01-29T14:53:45.467Z
-183.59493229011426,68,-161.50010930774215,2026-01-29T14:53:45.517Z
-183.59493229011426,68.41999998688698,-161.50010930774215,2026-01-29T14:53:45.569Z
-183.59493229011426,68.7531999805212,-161.50010930774215,2026-01-29T14:53:45.619Z
-183.59493229011426,69.00133597911214,-161.50010930774215,2026-01-29T14:53:45.669Z
-183.59493229011426,69.16610926093821,-161.50010930774215,2026-01-29T14:53:45.720Z
-183.59493229011426,69.24918707874468,-161.50010930774215,2026-01-29T14:53:45.771Z
-183.59493229011426,69.17675927506424,-161.50010930774215,2026-01-29T14:53:45.873Z
-183.59493229011426,69.02442408821369,-161.50010930774215,2026-01-29T14:53:45.925Z
-183.59493229011426,68.79673560066871,-161.50010930774215,2026-01-29T14:53:45.976Z
-183.59493229011426,68.49520087700593,-161.50010930774215,2026-01-29T14:53:46.027Z
-183.59493229011426,68.1212968405392,-161.50010930774215,2026-01-29T14:53:46.077Z
-183.59493229011426,68,-161.50010930774215,2026-01-29T14:53:46.128Z
-183.59493229011426,68.41999998688698,-161.50010930774215,2026-01-29T14:53:46.178Z
-183.59493229011426,68.7531999805212,-161.50010930774215,2026-01-29T14:53:46.229Z
-183.59493229011426,69.00133597911214,-161.50010930774215,2026-01-29T14:53:46.281Z
-183.59493229011426,69.16610926093821,-161.50010930774215,2026-01-29T14:53:46.332Z
-183.59493229011426,69.24918707874468,-161.50010930774215,2026-01-29T14:53:46.382Z
-183.59493229011426,69.17675927506424,-161.50010930774215,2026-01-29T14:53:46.484Z
-183.59493229011426,69.02442408821369,-161.50010930774215,2026-01-29T14:53:46.535Z
-183.59493229011426,68.79673560066871,-161.50010930774215,2026-01-29T14:53:46.585Z
-183.59493229011426,68.49520087700593,-161.50010930774215,2026-01-29T14:53:46.636Z
-183.59493229011426,68.1212968405392,-161.50010930774215,2026-01-29T14:53:46.687Z
-183.59493229011426,68,-161.50010930774215,2026-01-29T14:53:46.739Z
-183.59493229011426,68.41999998688698,-161.50010930774215,2026-01-29T14:53:46.789Z
-183.59493229011426,68.7531999805212,-161.50010930774215,2026-01-29T14:53:46.840Z
-183.59493229011426,69.00133597911214,-161.50010930774215,2026-01-29T14:53:46.890Z
-183.59493229011426,69.16610926093821,-161.50010930774215,2026-01-29T14:53:46.941Z
-183.59493229011426,69.24918707874468,-161.50010930774215,2026-01-29T14:53:46.992Z
-183.59493229011426,69.17675927506424,-161.50010930774215,2026-01-29T14:53:47.094Z
-183.59493229011426,69.02442408821369,-161.50010930774215,2026-01-29T14:53:47.144Z
-183.59493229011426,68.79673560066871,-161.50010930774215,2026-01-29T14:53:47.196Z
-183.59493229011426,68.49520087700593,-161.50010930774215,2026-01-29T14:53:47.247Z
-183.59493229011426,68.1212968405392,-161.50010930774215,2026-01-29T14:53:47.298Z
-183.59493229011426,68,-161.50010930774215,2026-01-29T14:53:47.348Z
-183.59493229011426,68.41999998688698,-161.50010930774215,2026-01-29T14:53:47.349Z
-183.59493229011426,68.7531999805212,-161.50010930774215,2026-01-29T14:53:47.400Z
-183.59493229011426,69.00133597911214,-161.50010930774215,2026-01-29T14:53:47.452Z
-183.59493229011426,69.16610926093821,-161.50010930774215,2026-01-29T14:53:47.503Z
-183.59493229011426,69.24918707874468,-161.50010930774215,2026-01-29T14:53:47.553Z
-183.59493229011426,69.17675927506424,-161.50010930774215,2026-01-29T14:53:47.653Z
-183.59493229011426,69.02442408821369,-161.50010930774215,2026-01-29T14:53:47.703Z
-183.59493229011426,68.79673560066871,-161.50010930774215,2026-01-29T14:53:47.753Z
-183.59493229011426,68.49520087700593,-161.50010930774215,2026-01-29T14:53:47.804Z
-183.59493229011426,68.1212968405392,-161.50010930774215,2026-01-29T14:53:47.855Z
-183.59493229011426,68,-161.50010930774215,2026-01-29T14:53:47.906Z
-183.59493229011426,68.41999998688698,-161.50010930774215,2026-01-29T14:53:47.958Z
-183.59493229011426,68.7531999805212,-161.50010930774215,2026-01-29T14:53:48.008Z
-183.59493229011426,69.00133597911214,-161.50010930774215,2026-01-29T14:53:48.058Z
-183.59493229011426,69.16610926093821,-161.50010930774215,2026-01-29T14:53:48.110Z
-183.59493229011426,69.24918707874468,-161.50010930774215,2026-01-29T14:53:48.160Z
-183.59493229011426,69.17675927506424,-161.50010930774215,2026-01-29T14:53:48.266Z
-183.59493229011426,69.02442408821369,-161.50010930774215,2026-01-29T14:53:48.314Z
-183.59493229011426,69.41999998688698,-161.50010930774215,2026-01-29T14:53:48.416Z
-183.59493229011426,69.7531999805212,-161.50010930774215,2026-01-29T14:53:48.467Z
-183.59493229011426,70.00133597911214,-161.50010930774215,2026-01-29T14:53:48.517Z
-183.59493229011426,70.16610926093821,-161.50010930774215,2026-01-29T14:53:48.567Z
-183.59493229011426,70.24918707874468,-161.50010930774215,2026-01-29T14:53:48.618Z
-183.59493229011426,70.17675927506424,-161.50010930774215,2026-01-29T14:53:48.720Z
-183.59493229011426,70.02442408821369,-161.50010930774215,2026-01-29T14:53:48.771Z
-183.59493229011426,69.79673560066871,-161.50010930774215,2026-01-29T14:53:48.823Z
-183.59493229011426,69.49520087700593,-161.50010930774215,2026-01-29T14:53:48.873Z
-183.59493229011426,69.1212968405392,-161.50010930774215,2026-01-29T14:53:48.924Z
-183.59493229011426,69,-161.50010930774215,2026-01-29T14:53:48.976Z
-183.59493229011426,69.41999998688698,-161.50010930774215,2026-01-29T14:53:49.027Z
-183.59493229011426,69.7531999805212,-161.50010930774215,2026-01-29T14:53:49.078Z
-183.59493229011426,70.00133597911214,-161.50010930774215,2026-01-29T14:53:49.129Z
-183.59493229011426,70.16610926093821,-161.50010930774215,2026-01-29T14:53:49.179Z
-183.59493229011426,70.24918707874468,-161.50010930774215,2026-01-29T14:53:49.231Z
-183.59493229011426,70.17675927506424,-161.50010930774215,2026-01-29T14:53:49.332Z
-183.59493229011426,70.02442408821369,-161.50010930774215,2026-01-29T14:53:49.384Z
-183.59493229011426,69.79673560066871,-161.50010930774215,2026-01-29T14:53:49.434Z
-183.59493229011426,69.49520087700593,-161.50010930774215,2026-01-29T14:53:49.486Z
-183.59493229011426,69.1212968405392,-161.50010930774215,2026-01-29T14:53:49.536Z
-183.59493229011426,69,-161.50010930774215,2026-01-29T14:53:49.588Z
-183.59493229011426,69.41999998688698,-161.50010930774215,2026-01-29T14:53:49.639Z
-183.59493229011426,69.7531999805212,-161.50010930774215,2026-01-29T14:53:49.691Z
-183.59493229011426,70.00133597911214,-161.50010930774215,2026-01-29T14:53:49.741Z
-183.59493229011426,70.16610926093821,-161.50010930774215,2026-01-29T14:53:49.792Z
-183.59493229011426,70.24918707874468,-161.50010930774215,2026-01-29T14:53:49.844Z
-183.59493229011426,70.17675927506424,-161.50010930774215,2026-01-29T14:53:49.944Z
-183.59493229011426,70.02442408821369,-161.50010930774215,2026-01-29T14:53:49.995Z
-183.59493229011426,69.79673560066871,-161.50010930774215,2026-01-29T14:53:50.045Z
-183.59493229011426,69.49520087700593,-161.50010930774215,2026-01-29T14:53:50.096Z
-183.59493229011426,69.1212968405392,-161.50010930774215,2026-01-29T14:53:50.147Z
-183.59493229011426,69,-161.50010930774215,2026-01-29T14:53:50.198Z
-183.59493229011426,69.41999998688698,-161.50010930774215,2026-01-29T14:53:50.199Z
-183.59493229011426,69.7531999805212,-161.50010930774215,2026-01-29T14:53:50.248Z
-183.59493229011426,70.00133597911214,-161.50010930774215,2026-01-29T14:53:50.300Z
-183.59493229011426,70.16610926093821,-161.50010930774215,2026-01-29T14:53:50.351Z
-183.59493229011426,70.24918707874468,-161.50010930774215,2026-01-29T14:53:50.402Z
-183.59493229011426,70.17675927506424,-161.50010930774215,2026-01-29T14:53:50.503Z
-183.59493229011426,70.02442408821369,-161.50010930774215,2026-01-29T14:53:50.553Z
-183.59493229011426,69.79673560066871,-161.50010930774215,2026-01-29T14:53:50.603Z
-183.59493229011426,69.49520087700593,-161.50010930774215,2026-01-29T14:53:50.652Z
-183.59493229011426,69.1212968405392,-161.50010930774215,2026-01-29T14:53:50.703Z
-183.59493229011426,69,-161.50010930774215,2026-01-29T14:53:50.752Z
-183.59493229011426,69.41999998688698,-161.50010930774215,2026-01-29T14:53:50.803Z
-183.59493229011426,69.7531999805212,-161.50010930774215,2026-01-29T14:53:50.853Z
-183.59493229011426,70.00133597911214,-161.50010930774215,2026-01-29T14:53:50.904Z
-183.59493229011426,70.16610926093821,-161.50010930774215,2026-01-29T14:53:50.954Z
-183.59493229011426,70.24918707874468,-161.50010930774215,2026-01-29T14:53:51.005Z
-183.59493229011426,70.17675927506424,-161.50010930774215,2026-01-29T14:53:51.106Z
-183.59493229011426,70.02442408821369,-161.50010930774215,2026-01-29T14:53:51.155Z
-183.59493229011426,69.79673560066871,-161.50010930774215,2026-01-29T14:53:51.206Z
-183.59493229011426,69.49520087700593,-161.50010930774215,2026-01-29T14:53:51.258Z
-183.59493229011426,69.1212968405392,-161.50010930774215,2026-01-29T14:53:51.308Z
-183.59493229011426,69,-161.50010930774215,2026-01-29T14:53:51.358Z
-183.59493229011426,69.41999998688698,-161.50010930774215,2026-01-29T14:53:51.408Z
-183.59493229011426,69.7531999805212,-161.50010930774215,2026-01-29T14:53:51.458Z
-183.59493229011426,70.00133597911214,-161.50010930774215,2026-01-29T14:53:51.509Z
-183.59493229011426,70.16610926093821,-161.50010930774215,2026-01-29T14:53:51.560Z
-183.59493229011426,70.24918707874468,-161.50010930774215,2026-01-29T14:53:51.611Z
-183.59493229011426,70.17675927506424,-161.50010930774215,2026-01-29T14:53:51.712Z
-183.59493229011426,70.02442408821369,-161.50010930774215,2026-01-29T14:53:51.763Z
-183.59493229011426,69.79673560066871,-161.50010930774215,2026-01-29T14:53:51.814Z
-183.59493229011426,69.49520087700593,-161.50010930774215,2026-01-29T14:53:51.865Z
-183.59493229011426,69.1212968405392,-161.50010930774215,2026-01-29T14:53:51.915Z
-183.59493229011426,69,-161.50010930774215,2026-01-29T14:53:51.967Z
-183.59493229011426,69.41999998688698,-161.50010930774215,2026-01-29T14:53:52.018Z
-183.59493229011426,69.7531999805212,-161.50010930774215,2026-01-29T14:53:52.068Z
-183.59493229011426,70.00133597911214,-161.50010930774215,2026-01-29T14:53:52.119Z
-183.59493229011426,70.16610926093821,-161.50010930774215,2026-01-29T14:53:52.170Z
-183.59493229011426,70.24918707874468,-161.50010930774215,2026-01-29T14:53:52.221Z
-183.59493229011426,70.17675927506424,-161.50010930774215,2026-01-29T14:53:52.323Z
-183.59493229011426,70.02442408821369,-161.50010930774215,2026-01-29T14:53:52.374Z
-183.59493229011426,69.79673560066871,-161.50010930774215,2026-01-29T14:53:52.425Z
-183.59493229011426,69.49520087700593,-161.50010930774215,2026-01-29T14:53:52.475Z
-183.59493229011426,69.1212968405392,-161.50010930774215,2026-01-29T14:53:52.527Z
-183.59493229011426,69,-161.50010930774215,2026-01-29T14:53:52.577Z
-183.59493229011426,69.41999998688698,-161.50010930774215,2026-01-29T14:53:52.627Z
-183.59493229011426,69.7531999805212,-161.50010930774215,2026-01-29T14:53:52.679Z
-183.59493229011426,70.00133597911214,-161.50010930774215,2026-01-29T14:53:52.729Z
-183.59493229011426,70.16610926093821,-161.50010930774215,2026-01-29T14:53:52.781Z
-183.59493229011426,70.24918707874468,-161.50010930774215,2026-01-29T14:53:52.832Z
-183.59493229011426,70.17675927506424,-161.50010930774215,2026-01-29T14:53:52.933Z
-183.59493229011426,70.02442408821369,-161.50010930774215,2026-01-29T14:53:52.983Z
-183.59493229011426,69.79673560066871,-161.50010930774215,2026-01-29T14:53:53.035Z
-183.59493229011426,69.49520087700593,-161.50010930774215,2026-01-29T14:53:53.085Z
-183.59493229011426,69.1212968405392,-161.50010930774215,2026-01-29T14:53:53.137Z
-183.59493229011426,69,-161.50010930774215,2026-01-29T14:53:53.187Z
-183.59493229011426,69.41999998688698,-161.50010930774215,2026-01-29T14:53:53.237Z
-183.59493229011426,69.7531999805212,-161.50010930774215,2026-01-29T14:53:53.288Z
-183.59493229011426,70.00133597911214,-161.50010930774215,2026-01-29T14:53:53.341Z
-183.59493229011426,70.16610926093821,-161.50010930774215,2026-01-29T14:53:53.390Z
-183.59493229011426,70.24918707874468,-161.50010930774215,2026-01-29T14:53:53.458Z
-183.52078549011426,70.17675927506424,-161.50010930774215,2026-01-29T14:53:53.553Z
-183.45101870211425,70.02442408821369,-161.50010930774215,2026-01-29T14:53:53.606Z
-183.36205092503425,70,-161.50010930774215,2026-01-29T14:53:53.657Z
-183.3,70.41999998688698,-161.50010930774224,2026-01-29T14:53:53.694Z
-183.3,70.7531999805212,-161.50010930774224,2026-01-29T14:53:53.745Z
-183.27452000000002,71.00133597911214,-161.50010930774224,2026-01-29T14:53:53.796Z
-183.22585320000002,71.16610926093821,-161.50010930774224,2026-01-29T14:53:53.847Z
-183.156086412,71.2,-161.50010930774224,2026-01-29T14:53:53.899Z
-183.06711863492,71.12159999847412,-161.50010930774224,2026-01-29T14:53:53.900Z
-182.9606779577772,71,-161.50010930774224,2026-01-29T14:53:53.949Z
-182.5,71,-161.50010930774226,2026-01-29T14:53:54.000Z
-182.62740005009235,71,-161.50010930774226,2026-01-29T14:53:55.561Z
-182.82436052753513,71,-161.50010930774226,2026-01-29T14:53:55.613Z
-183.05930099831124,71,-161.50010930774226,2026-01-29T14:53:55.663Z
-183.31497854544736,71,-161.50010930774226,2026-01-29T14:53:55.714Z
-183.58197853627604,70.92159999847412,-161.50010930774226,2026-01-29T14:53:55.765Z
-183.7,70.76636799395752,-161.50010930774226,2026-01-29T14:53:55.816Z
-183.7,70.53584062504456,-161.50010930774226,2026-01-29T14:53:55.867Z
-183.7,70.23152379758702,-161.50010930774226,2026-01-29T14:53:55.918Z
-183.7,70,-161.50010930774226,2026-01-29T14:53:55.969Z
-183.818938193101,70,-161.5457654024658,2026-01-29T14:53:57.552Z
-184.0028166396351,70,-161.61634972490842,2026-01-29T14:53:57.603Z
-184.22215246454374,70,-161.7,2026-01-29T14:53:57.653Z
-184.46072808321037,70,-161.7,2026-01-29T14:53:57.703Z
-184.7,69.92159999847412,-161.7,2026-01-29T14:53:57.753Z
-184.7,69.76636799395752,-161.7,2026-01-29T14:53:57.803Z
-184.7,69.53584062504456,-161.7,2026-01-29T14:53:57.853Z
-184.7,69.23152379758702,-161.7,2026-01-29T14:53:57.902Z
-184.7,68.85489329934836,-161.7,2026-01-29T14:53:57.952Z
-184.7,68.40739540236494,-161.7,2026-01-29T14:53:58.002Z
-184.7,68,-161.7,2026-01-29T14:53:58.052Z
-184.82356174333043,68,-161.66896343529518,2026-01-29T14:53:58.493Z
-185.0146690285237,68,-161.6213044961402,2026-01-29T14:53:58.543Z
-185.5,68,-161.56424615065677,2026-01-29T14:53:58.594Z
-185.6271272768057,68,-161.55591378871665,2026-01-29T14:53:59.306Z
-185.82368742513688,68,-161.54336480376398,2026-01-29T14:53:59.357Z
-186.05815792132097,68,-161.52851354264644,2026-01-29T14:53:59.391Z
-186.31330608904318,68,-161.51207239213613,2026-01-29T14:53:59.417Z
-186.5797442654252,67.92159999847412,-161.4947631620174,2026-01-29T14:53:59.467Z
-186.5797442654252,67.76636799395752,-161.4947631620174,2026-01-29T14:53:59.518Z
-186.5797442654252,67.53584062504456,-161.4947631620174,2026-01-29T14:53:59.569Z
-186.5797442654252,67.23152379758702,-161.4947631620174,2026-01-29T14:53:59.619Z
-186.5797442654252,67,-161.4947631620174,2026-01-29T14:53:59.671Z
-186.5797442654252,66.92159999847412,-161.4947631620174,2026-01-29T14:54:00.321Z
-186.5797442654252,66.76636799395752,-161.4947631620174,2026-01-29T14:54:00.366Z
-186.5797442654252,66.53584062504456,-161.4947631620174,2026-01-29T14:54:00.382Z
-186.5797442654252,66.23152379758702,-161.4947631620174,2026-01-29T14:54:00.433Z
-186.5797442654252,66,-161.4947631620174,2026-01-29T14:54:00.485Z
-186.5797442654252,65.92159999847412,-161.4947631620174,2026-01-29T14:54:01.134Z
-186.5797442654252,65.76636799395752,-161.4947631620174,2026-01-29T14:54:01.159Z
-186.5797442654252,65.53584062504456,-161.4947631620174,2026-01-29T14:54:01.195Z
-186.5797442654252,65.23152379758702,-161.4947631620174,2026-01-29T14:54:01.246Z
-186.5797442654252,65,-161.4947631620174,2026-01-29T14:54:01.298Z
-186.5797442654252,64.92159999847412,-161.4947631620174,2026-01-29T14:54:01.943Z
-186.5797442654252,64.76636799395752,-161.4947631620174,2026-01-29T14:54:01.952Z
-186.5797442654252,64.53584062504456,-161.4947631620174,2026-01-29T14:54:02.004Z
-186.5797442654252,64.23152379758702,-161.4947631620174,2026-01-29T14:54:02.053Z
-186.5797442654252,64,-161.4947631620174,2026-01-29T14:54:02.104Z
-186.5797442654252,63.92159999847412,-161.4947631620174,2026-01-29T14:54:02.737Z
-186.5797442654252,63.76636799395752,-161.4947631620174,2026-01-29T14:54:02.759Z
-186.5797442654252,63.53584062504456,-161.4947631620174,2026-01-29T14:54:02.810Z
-186.5797442654252,63.231523797587016,-161.4947631620174,2026-01-29T14:54:02.860Z
-186.5797442654252,63,-161.4947631620174,2026-01-29T14:54:02.911Z
-186.5797442654252,62.92159999847412,-161.4947631620174,2026-01-29T14:54:03.543Z
-186.5797442654252,62.76636799395752,-161.4947631620174,2026-01-29T14:54:03.572Z
-186.5797442654252,62.53584062504456,-161.4947631620174,2026-01-29T14:54:03.623Z
-186.5797442654252,62.231523797587016,-161.4947631620174,2026-01-29T14:54:03.673Z
-186.5797442654252,62,-161.4947631620174,2026-01-29T14:54:03.724Z
-186.5797442654252,61.92159999847412,-161.4947631620174,2026-01-29T14:54:04.344Z
-186.5797442654252,61.76636799395752,-161.4947631620174,2026-01-29T14:54:04.383Z
-186.5797442654252,61.53584062504456,-161.4947631620174,2026-01-29T14:54:04.434Z
-186.5797442654252,61.231523797587016,-161.4947631620174,2026-01-29T14:54:04.483Z
-186.5797442654252,61,-161.4947631620174,2026-01-29T14:54:04.534Z
-186.5797442654252,60.92159999847412,-161.4947631620174,2026-01-29T14:54:05.152Z
-186.5797442654252,60.76636799395752,-161.4947631620174,2026-01-29T14:54:05.194Z
-186.5797442654252,60.53584062504456,-161.4947631620174,2026-01-29T14:54:05.245Z
-186.5797442654252,60.231523797587016,-161.4947631620174,2026-01-29T14:54:05.296Z
-186.5797442654252,60,-161.4947631620174,2026-01-29T14:54:05.347Z
-186.5797442654252,59.92159999847412,-161.4947631620174,2026-01-29T14:54:05.954Z
-186.5797442654252,59.76636799395752,-161.4947631620174,2026-01-29T14:54:06.002Z
-186.5797442654252,59.53584062504456,-161.4947631620174,2026-01-29T14:54:06.052Z
-186.5797442654252,59.231523797587016,-161.4947631620174,2026-01-29T14:54:06.102Z
-186.5797442654252,59,-161.4947631620174,2026-01-29T14:54:06.152Z
-186.5797442654252,58.92159999847412,-161.4947631620174,2026-01-29T14:54:06.761Z
-186.5797442654252,58.76636799395752,-161.4947631620174,2026-01-29T14:54:06.811Z
-186.5797442654252,58.53584062504456,-161.4947631620174,2026-01-29T14:54:06.861Z
-186.5797442654252,58.231523797587016,-161.4947631620174,2026-01-29T14:54:06.912Z
-186.5797442654252,58,-161.4947631620174,2026-01-29T14:54:06.963Z
-186.5797442654252,57.92159999847412,-161.4947631620174,2026-01-29T14:54:07.575Z
-186.5797442654252,57.76636799395752,-161.4947631620174,2026-01-29T14:54:07.644Z
-186.5797442654252,57.53584062504456,-161.4947631620174,2026-01-29T14:54:07.677Z
-186.5797442654252,57.231523797587016,-161.4947631620174,2026-01-29T14:54:07.727Z
-186.5797442654252,57,-161.4947631620174,2026-01-29T14:54:07.779Z
-186.5797442654252,56.92159999847412,-161.4947631620174,2026-01-29T14:54:08.399Z
-186.5797442654252,56.76636799395752,-161.4947631620174,2026-01-29T14:54:08.439Z
-186.5797442654252,56.53584062504456,-161.4947631620174,2026-01-29T14:54:08.490Z
-186.5797442654252,56.231523797587016,-161.4947631620174,2026-01-29T14:54:08.542Z
-186.5797442654252,56,-161.4947631620174,2026-01-29T14:54:08.592Z
-186.5797442654252,55.92159999847412,-161.4947631620174,2026-01-29T14:54:09.205Z
-186.5797442654252,55.76636799395752,-161.4947631620174,2026-01-29T14:54:09.251Z
-186.5797442654252,55.53584062504456,-161.4947631620174,2026-01-29T14:54:09.302Z
-186.5797442654252,55.231523797587016,-161.4947631620174,2026-01-29T14:54:09.352Z
-186.5797442654252,55,-161.4947631620174,2026-01-29T14:54:09.402Z
-186.5797442654252,54.92159999847412,-161.4947631620174,2026-01-29T14:54:10.012Z
-186.5797442654252,54.76636799395752,-161.4947631620174,2026-01-29T14:54:10.063Z
-186.5797442654252,54.53584062504456,-161.4947631620174,2026-01-29T14:54:10.114Z
-186.5797442654252,54.231523797587016,-161.4947631620174,2026-01-29T14:54:10.164Z
-186.5797442654252,54,-161.4947631620174,2026-01-29T14:54:10.215Z
-186.66622351440884,54,-161.40121043753135,2026-01-29T14:54:20.616Z
-186.79992043333752,54,-161.3,2026-01-29T14:54:20.666Z
-186.9569196409445,54,-161.3,2026-01-29T14:54:20.717Z
-187.11425065879237,54,-161.3,2026-01-29T14:54:20.768Z
-187.25560185839907,54,-161.3,2026-01-29T14:54:20.818Z
-187.36992144945373,54,-161.17813426742137,2026-01-29T14:54:20.869Z
-187.45621233503417,54,-160.9864521324855,2026-01-29T14:54:20.920Z
-187.51465229643478,54,-160.5,2026-01-29T14:54:20.971Z
-187.42386211342597,54,-160.5893751387846,2026-01-29T14:54:21.073Z
-187.3,54,-160.72754910334558,2026-01-29T14:54:21.124Z
-187.3,54,-160.89141159108857,2026-01-29T14:54:21.177Z
-187.3,54,-161.0579064669155,2026-01-29T14:54:21.228Z
-187.3,54,-161.21048017746836,2026-01-29T14:54:21.279Z
-187.3,54,-161.3372543175519,2026-01-29T14:54:21.329Z
-187.17517975631017,54,-161.43198141877943,2026-01-29T14:54:21.380Z
-186.9802577737978,54,-161.4963557571422,2026-01-29T14:54:21.431Z
-186.5,54,-161.53250473325494,2026-01-29T14:54:21.482Z
-186.58865932514576,54,-161.44101540694726,2026-01-29T14:54:24.062Z
-186.72572664182113,54,-161.3,2026-01-29T14:54:24.113Z
-186.88922472187164,54,-161.3,2026-01-29T14:54:24.165Z
-187.05578603548702,54,-161.3,2026-01-29T14:54:24.214Z
-187.20868766454865,54,-161.3,2026-01-29T14:54:24.265Z
-187.33564084813796,54,-161.1802451336798,2026-01-29T14:54:24.316Z
-187.435022452156,54,-160.99105728617056,2026-01-29T14:54:24.366Z
-187.50591385137704,54,-160.5,2026-01-29T14:54:24.417Z
-187.6333139014694,54,-160.5,2026-01-29T14:54:25.133Z
-187.83027437891218,54,-160.5,2026-01-29T14:54:25.184Z
-188.0652148496883,54,-160.5,2026-01-29T14:54:25.234Z
-188.3208923968244,54,-160.5,2026-01-29T14:54:25.286Z
-188.19349234673206,54,-160.50000000000003,2026-01-29T14:54:25.936Z
-188.5,54,-160.60461445037697,2026-01-29T14:54:25.986Z
-188.50000000000003,54,-160.73201450046932,2026-01-29T14:54:27.956Z
-188.50000000000006,54,-160.9289749779121,2026-01-29T14:54:28.000Z
-188.50000000000009,54,-161.16391544868821,2026-01-29T14:54:28.018Z
-188.5000000000001,54,-161.41959299582433,2026-01-29T14:54:28.069Z
-188.50000000000014,53.92159999847412,-161.686592986653,2026-01-29T14:54:28.120Z
-188.50000000000014,53.76636799395752,-161.686592986653,2026-01-29T14:54:28.171Z
-188.50000000000014,53.53584062504456,-161.686592986653,2026-01-29T14:54:28.223Z
-188.50000000000014,53.231523797587016,-161.686592986653,2026-01-29T14:54:28.273Z
-188.50000000000014,53,-161.686592986653,2026-01-29T14:54:28.325Z
-188.62526672447734,53,-161.6633761715767,2026-01-29T14:54:30.281Z
-188.81886786982673,53,-161.62715510788826,2026-01-29T14:54:30.301Z
-189.0498408196647,53,-161.58416159203804,2026-01-29T14:54:30.352Z
-189.30115756406107,53,-161.53714244972707,2026-01-29T14:54:30.402Z
-189.56358202028633,52.92159999847412,-161.4879253153685,2026-01-29T14:54:30.453Z
-189.56358202028633,52.76636799395752,-161.4879253153685,2026-01-29T14:54:30.502Z
-189.56358202028633,52.53584062504456,-161.4879253153685,2026-01-29T14:54:30.552Z
-189.56358202028633,52.231523797587016,-161.4879253153685,2026-01-29T14:54:30.602Z
-189.56358202028633,52,-161.4879253153685,2026-01-29T14:54:30.653Z
-189.56358202028633,51.92159999847412,-161.4879253153685,2026-01-29T14:54:31.298Z
-189.56358202028633,51.76636799395752,-161.4879253153685,2026-01-29T14:54:31.325Z
-189.56358202028633,51.53584062504456,-161.4879253153685,2026-01-29T14:54:31.358Z
-189.56358202028633,51.231523797587016,-161.4879253153685,2026-01-29T14:54:31.409Z
-189.56358202028633,51,-161.4879253153685,2026-01-29T14:54:31.460Z
-189.56358202028633,50.92159999847412,-161.4879253153685,2026-01-29T14:54:32.108Z
-189.53855334113777,50.76636799395752,-161.49269979126416,2026-01-29T14:54:32.127Z
-189.4907361502015,50.53584062504456,-161.50175349900906,2026-01-29T14:54:32.167Z
-189.4722635993606,50.231523797587016,-161.50528343837706,2026-01-29T14:54:32.218Z
-189.48048225724392,49.85489329934836,-161.5037212073063,2026-01-29T14:54:32.270Z
-189.48048225724392,49.40739540236494,-161.5037212073063,2026-01-29T14:54:32.320Z
-189.48048225724392,49,-161.5037212073063,2026-01-29T14:54:32.371Z
-189.57127244025276,49,-161.59309634609087,2026-01-29T14:54:33.036Z
-189.7116340631844,49,-161.7,2026-01-29T14:54:33.087Z
-189.87788402967783,49,-161.7,2026-01-29T14:54:33.138Z
-190.05190232906298,49,-161.7,2026-01-29T14:54:33.189Z
-190.22206976768393,49,-161.7,2026-01-29T14:54:33.240Z
-190.38040637040768,49,-161.80931751197167,2026-01-29T14:54:33.289Z
-190.52558631390198,49,-161.9820613911162,2026-01-29T14:54:33.340Z
-190.6587968913009,49,-162.1917961769883,2026-01-29T14:54:33.390Z
-190.78120667351735,49,-162.42362713037176,2026-01-29T14:54:33.442Z
-190.89338697376454,48.92159999847412,-162.66926414366552,2026-01-29T14:54:33.493Z
-190.95670304938193,48.76636799395752,-162.82877808581364,2026-01-29T14:54:33.543Z
-191.0152543598916,48.53584062504456,-162.9993986606419,2026-01-29T14:54:33.595Z
-191.0681358300103,48.231523797587016,-163.18014024033127,2026-01-29T14:54:33.645Z
-191.11412585637024,48,-163.37000571590227,2026-01-29T14:54:33.696Z
-191.1334161755705,48,-163.66816986842784,2026-01-29T14:54:33.748Z
-191.13894698735953,48,-163.9582693249776,2026-01-29T14:54:33.798Z
-191.13629862889042,48,-164.24393752376926,2026-01-29T14:54:33.849Z
-191.12996412336892,48,-164.5271548327915,2026-01-29T14:54:33.850Z
-191.11983787990724,48,-164.80901693626907,2026-01-29T14:54:33.899Z
-191.10730829530374,48,-165.0901212057997,2026-01-29T14:54:33.950Z
-191.09346648643682,48,-165.3708116979953,2026-01-29T14:54:34.002Z
-191.07857519887736,48,-165.65125750418002,2026-01-29T14:54:34.053Z
-191.06311089595175,48,-165.9315697118028,2026-01-29T14:54:34.102Z
-191.04700077265557,48,-166.21178933928704,2026-01-29T14:54:34.152Z
-191.03053803143706,48,-166.49195841801563,2026-01-29T14:54:34.204Z
-191.01388276083296,48,-166.7,2026-01-29T14:54:34.274Z
-190.92644131922054,48,-166.7,2026-01-29T14:54:34.323Z
-190.68834358642957,48.41999998688698,-166.96637544712215,2026-01-29T14:54:34.354Z
-190.544241807651,48.7531999805212,-167.13303927446415,2026-01-29T14:54:34.405Z
-190.39956915315636,49.00133597911215,-167.3062880239022,2026-01-29T14:54:34.455Z
-190.25517703756626,49.166109260938214,-167.48601071317924,2026-01-29T14:54:34.504Z
-190.1124509080136,49.2,-167.67238109607226,2026-01-29T14:54:34.554Z
-189.97431671430505,49.121599998474125,-167.86608439944783,2026-01-29T14:54:34.604Z
-189.85338907392588,48.966367993957526,-168.06738308466817,2026-01-29T14:54:34.654Z
-189.76648440924993,48.73584062504456,-168.23989743810623,2026-01-29T14:54:34.704Z
-189.70518086531155,48.43152379758702,-168.37863412621638,2026-01-29T14:54:34.754Z
-189.66506416693906,48.054893299348365,-168.48479231650435,2026-01-29T14:54:34.804Z
-189.6430449273768,47.60739540236494,-168.56043538926724,2026-01-29T14:54:34.853Z
-189.6367165614065,47.09044745325997,-168.60779292674584,2026-01-29T14:54:34.904Z
-189.644042779476,47,-168.62902479205354,2026-01-29T14:54:34.954Z
-189.7,47,-168.53751721886567,2026-01-29T14:54:35.004Z
-189.7,47,-168.37623545892106,2026-01-29T14:54:35.056Z
-189.7,47,-168.18854054719307,2026-01-29T14:54:35.106Z
-189.7,47,-168.33406649892714,2026-01-29T14:54:35.207Z
-189.7,47,-168.5203303577131,2026-01-29T14:54:35.258Z
-189.7,47,-168.73013066850277,2026-01-29T14:54:35.308Z
-189.7,47,-168.96863905176997,2026-01-29T14:54:35.358Z
-189.7,47,-169.22120609269246,2026-01-29T14:54:35.409Z
-189.7,47,-169.4780458901371,2026-01-29T14:54:35.460Z
-189.7,47,-169.7287784873499,2026-01-29T14:54:35.511Z
-189.63862455778727,47,-169.97732000036194,2026-01-29T14:54:35.562Z
-189.5376961351072,47,-170.22112391035907,2026-01-29T14:54:35.613Z
-189.41015440805978,47,-170.45904528842138,2026-01-29T14:54:35.662Z
-189.26349066757265,47,-170.69042831229976,2026-01-29T14:54:35.731Z
-189.1186992421255,47.41999998688698,-170.7,2026-01-29T14:54:35.765Z
-189.03731166258783,47.7531999805212,-170.7,2026-01-29T14:54:35.816Z
-188.96251529530218,48.00133597911215,-170.7,2026-01-29T14:54:35.867Z
-188.8951842709786,48.166109260938214,-170.7,2026-01-29T14:54:35.916Z
-188.83597867052657,48.2,-170.7,2026-01-29T14:54:35.968Z
-188.78529506490645,48.121599998474125,-170.7,2026-01-29T14:54:36.018Z
-188.74335646464272,47.966367993957526,-170.7,2026-01-29T14:54:36.069Z
-188.7100977981098,47.73584062504456,-170.7,2026-01-29T14:54:36.121Z
-188.68539070135566,47.43152379758702,-170.7248663590942,2026-01-29T14:54:36.172Z
-188.66898507580848,47.054893299348365,-170.772239247322,2026-01-29T14:54:36.222Z
-188.66071507667215,47,-170.83994301643116,2026-01-29T14:54:36.272Z
-188.68905302537433,47,-171.0238014382127,2026-01-29T14:54:36.323Z
-188.7,47,-171.24555725693818,2026-01-29T14:54:36.373Z
-188.7,47,-171.48496631752442,2026-01-29T14:54:36.425Z
-188.7,47,-171.7,2026-01-29T14:54:36.476Z
-188.7,47.41999998688698,-171.7,2026-01-29T14:54:36.578Z
-188.7,47.7531999805212,-171.7,2026-01-29T14:54:36.628Z
-188.7,48.00133597911215,-171.7,2026-01-29T14:54:36.679Z
-188.7,48.166109260938214,-171.7,2026-01-29T14:54:36.730Z
-188.7,47.966367993957526,-171.7,2026-01-29T14:54:36.884Z
-188.7,47.73584062504456,-171.7,2026-01-29T14:54:36.934Z
-188.7,47.43152379758702,-171.7,2026-01-29T14:54:36.986Z
-188.7,47.054893299348365,-171.7,2026-01-29T14:54:37.037Z
-188.7,47,-171.7,2026-01-29T14:54:37.088Z
-188.7,47.41999998688698,-171.7,2026-01-29T14:54:37.138Z
-188.7,47.7531999805212,-171.7,2026-01-29T14:54:37.189Z
-188.7,48.00133597911215,-171.7,2026-01-29T14:54:37.240Z
-188.7,48.166109260938214,-171.7,2026-01-29T14:54:37.291Z
-188.7,47.966367993957526,-171.7,2026-01-29T14:54:37.444Z
-188.7,47.73584062504456,-171.7,2026-01-29T14:54:37.495Z
-188.7,47.43152379758702,-171.7,2026-01-29T14:54:37.546Z
-188.7,47.054893299348365,-171.7,2026-01-29T14:54:37.597Z
-188.7,47,-171.7,2026-01-29T14:54:37.647Z
-188.7,47.41999998688698,-171.7,2026-01-29T14:54:37.648Z
-188.7,47.7531999805212,-171.7,2026-01-29T14:54:37.699Z
-188.7,48.00133597911215,-171.7,2026-01-29T14:54:37.749Z
-188.7,48.166109260938214,-171.7,2026-01-29T14:54:37.800Z
-188.7,47.966367993957526,-171.7,2026-01-29T14:54:37.952Z
-188.7,47.73584062504456,-171.7,2026-01-29T14:54:38.001Z
-188.7,47.43152379758702,-171.7,2026-01-29T14:54:38.052Z
-188.7,47.054893299348365,-171.7,2026-01-29T14:54:38.102Z
-188.7,47,-171.7,2026-01-29T14:54:38.151Z
-188.7,47.41999998688698,-171.7,2026-01-29T14:54:38.202Z
-188.7,47.7531999805212,-171.7,2026-01-29T14:54:38.252Z
-188.7,48.00133597911215,-171.7,2026-01-29T14:54:38.302Z
-188.7,48.166109260938214,-171.7,2026-01-29T14:54:38.354Z
-188.7,47.966367993957526,-171.7,2026-01-29T14:54:38.506Z
-188.7,47.73584062504456,-171.7,2026-01-29T14:54:38.557Z
-188.7,47.43152379758702,-171.7,2026-01-29T14:54:38.608Z
-188.7,47.054893299348365,-171.7,2026-01-29T14:54:38.660Z
-188.7,47,-171.7,2026-01-29T14:54:38.710Z
-188.7,47.41999998688698,-171.7,2026-01-29T14:54:38.761Z
-188.7,47.7531999805212,-171.7,2026-01-29T14:54:38.813Z
-188.7,48.00133597911215,-171.7,2026-01-29T14:54:38.863Z
-188.7,48.166109260938214,-171.7,2026-01-29T14:54:38.915Z
-188.7,47.966367993957526,-171.7,2026-01-29T14:54:39.069Z
-188.7,47.73584062504456,-171.7,2026-01-29T14:54:39.121Z
-188.7,47.43152379758702,-171.7,2026-01-29T14:54:39.172Z
-188.7,47.054893299348365,-171.7,2026-01-29T14:54:39.222Z
-188.7,47,-171.7,2026-01-29T14:54:39.274Z
-188.7,47.41999998688698,-171.7,2026-01-29T14:54:39.325Z
-188.7,47.7531999805212,-171.7,2026-01-29T14:54:39.376Z
-188.7,48.00133597911215,-171.7,2026-01-29T14:54:39.427Z
-188.7,48.166109260938214,-171.7,2026-01-29T14:54:39.477Z
-188.7,47.966367993957526,-171.7,2026-01-29T14:54:39.628Z
-188.7,47.73584062504456,-171.7,2026-01-29T14:54:39.679Z
-188.7,47.43152379758702,-171.7,2026-01-29T14:54:39.730Z
-188.7,47.054893299348365,-171.7,2026-01-29T14:54:39.780Z
-188.7,47,-171.7,2026-01-29T14:54:39.830Z
-188.7,47.41999998688698,-171.7,2026-01-29T14:54:39.882Z
-188.7,47.7531999805212,-171.7,2026-01-29T14:54:39.933Z
-188.7,48.00133597911215,-171.7,2026-01-29T14:54:39.983Z
-188.7,48.166109260938214,-171.7,2026-01-29T14:54:40.033Z
-188.7,47.966367993957526,-171.7,2026-01-29T14:54:40.185Z
-188.7,47.73584062504456,-171.7,2026-01-29T14:54:40.236Z
-188.7,47.43152379758702,-171.7,2026-01-29T14:54:40.287Z
-188.7,47.054893299348365,-171.7,2026-01-29T14:54:40.338Z
-188.7,47,-171.7,2026-01-29T14:54:40.388Z
-188.7,47.41999998688698,-171.7,2026-01-29T14:54:40.439Z
-188.7,47.7531999805212,-171.7,2026-01-29T14:54:40.490Z
-188.7,48.00133597911215,-171.7,2026-01-29T14:54:40.541Z
-188.7,48.166109260938214,-171.7,2026-01-29T14:54:40.593Z
-188.7,47.966367993957526,-171.7,2026-01-29T14:54:40.746Z
-188.7,47.73584062504456,-171.7,2026-01-29T14:54:40.798Z
-188.7,47.43152379758702,-171.7,2026-01-29T14:54:40.798Z
-188.7,47.054893299348365,-171.7,2026-01-29T14:54:40.848Z
-188.7,47,-171.7,2026-01-29T14:54:40.899Z
-188.7,47.41999998688698,-171.7,2026-01-29T14:54:40.950Z
-188.7,47.7531999805212,-171.7,2026-01-29T14:54:41.001Z
-188.7,48.00133597911215,-171.7,2026-01-29T14:54:41.051Z
-188.7,48.166109260938214,-171.7,2026-01-29T14:54:41.101Z
-188.7,47.966367993957526,-171.7,2026-01-29T14:54:41.251Z
-188.7,47.73584062504456,-171.7,2026-01-29T14:54:41.302Z
-188.7,47.43152379758702,-171.7,2026-01-29T14:54:41.352Z
-188.7,47.054893299348365,-171.7,2026-01-29T14:54:41.402Z
-188.7,47,-171.7,2026-01-29T14:54:41.452Z
-188.7,47.41999998688698,-171.7,2026-01-29T14:54:41.502Z
-188.7,47.7531999805212,-171.7,2026-01-29T14:54:41.553Z
-188.7,48.00133597911215,-171.7,2026-01-29T14:54:41.604Z
-188.7,48.166109260938214,-171.7,2026-01-29T14:54:41.655Z
-188.7,47.966367993957526,-171.7,2026-01-29T14:54:41.807Z
-188.7,47.73584062504456,-171.7,2026-01-29T14:54:41.857Z
-188.7,47.43152379758702,-171.7,2026-01-29T14:54:41.907Z
-188.7,47.054893299348365,-171.7,2026-01-29T14:54:41.958Z
-188.7,47,-171.7,2026-01-29T14:54:42.008Z
-188.7,47.41999998688698,-171.7,2026-01-29T14:54:42.059Z
-188.7,47.7531999805212,-171.7,2026-01-29T14:54:42.109Z
-188.7,48.00133597911215,-171.7,2026-01-29T14:54:42.161Z
-188.7,48.166109260938214,-171.7,2026-01-29T14:54:42.211Z
-188.7,47.966367993957526,-171.7,2026-01-29T14:54:42.363Z
-188.7,47.73584062504456,-171.7,2026-01-29T14:54:42.414Z
-188.7,47.43152379758702,-171.7,2026-01-29T14:54:42.465Z
-188.7,47.054893299348365,-171.7,2026-01-29T14:54:42.515Z
-188.7,47,-171.7,2026-01-29T14:54:42.566Z
-188.7,47.41999998688698,-171.7,2026-01-29T14:54:42.668Z
-188.7,47.7531999805212,-171.7,2026-01-29T14:54:42.717Z
-188.7,48.00133597911215,-171.7,2026-01-29T14:54:42.768Z
-188.7,48.166109260938214,-171.7,2026-01-29T14:54:42.819Z
-188.7,47.966367993957526,-171.7,2026-01-29T14:54:42.972Z
-188.7,47.73584062504456,-171.7,2026-01-29T14:54:43.023Z
-188.7,47.43152379758702,-171.7,2026-01-29T14:54:43.074Z
-188.7,47.054893299348365,-171.7,2026-01-29T14:54:43.124Z
-188.7,47,-171.7,2026-01-29T14:54:43.176Z
-188.7,47.41999998688698,-171.7,2026-01-29T14:54:43.227Z
-188.7,47.7531999805212,-171.7,2026-01-29T14:54:43.278Z
-188.7,48.00133597911215,-171.7,2026-01-29T14:54:43.329Z
-188.7,48.166109260938214,-171.7,2026-01-29T14:54:43.380Z
-188.7,47.966367993957526,-171.7,2026-01-29T14:54:43.532Z
-188.7,47.73584062504456,-171.7,2026-01-29T14:54:43.583Z
-188.7,47.43152379758702,-171.7,2026-01-29T14:54:43.634Z
-188.7,47.054893299348365,-171.7,2026-01-29T14:54:43.685Z
-188.7,47,-171.7,2026-01-29T14:54:43.737Z
-188.7,47.41999998688698,-171.7,2026-01-29T14:54:43.789Z
-188.7,47.7531999805212,-171.7,2026-01-29T14:54:43.841Z
-188.7,48.00133597911215,-171.7,2026-01-29T14:54:43.891Z
-188.7,48.166109260938214,-171.7,2026-01-29T14:54:43.943Z
-188.7,47.966367993957526,-171.7,2026-01-29T14:54:44.097Z
-188.7,47.73584062504456,-171.7,2026-01-29T14:54:44.147Z
-188.7,47.43152379758702,-171.7,2026-01-29T14:54:44.198Z
-188.7,47.054893299348365,-171.7,2026-01-29T14:54:44.198Z
-188.7,47,-171.7,2026-01-29T14:54:44.249Z
-188.7,47.41999998688698,-171.7,2026-01-29T14:54:44.300Z
-188.7,47.7531999805212,-171.7,2026-01-29T14:54:44.350Z
-188.7,48.00133597911215,-171.7,2026-01-29T14:54:44.401Z
-188.7,48.166109260938214,-171.7,2026-01-29T14:54:44.451Z
-188.7,47.966367993957526,-171.7,2026-01-29T14:54:44.602Z
-188.7,47.73584062504456,-171.7,2026-01-29T14:54:44.653Z
-188.7,47.43152379758702,-171.7,2026-01-29T14:54:44.701Z
-188.7,47.054893299348365,-171.7,2026-01-29T14:54:44.752Z
-188.7,47,-171.7,2026-01-29T14:54:44.803Z
-188.7,47.41999998688698,-171.7,2026-01-29T14:54:44.853Z
-188.7,47.7531999805212,-171.7,2026-01-29T14:54:44.902Z
-188.7,48.00133597911215,-171.7,2026-01-29T14:54:44.952Z
-188.7,48.166109260938214,-171.7,2026-01-29T14:54:45.003Z
-188.7,47.966367993957526,-171.7,2026-01-29T14:54:45.153Z
-188.7,47.73584062504456,-171.7,2026-01-29T14:54:45.203Z
-188.7,47.43152379758702,-171.7,2026-01-29T14:54:45.253Z
-188.7,47.054893299348365,-171.7,2026-01-29T14:54:45.304Z
-188.7,47,-171.7,2026-01-29T14:54:45.355Z
-188.7,47.41999998688698,-171.7,2026-01-29T14:54:45.406Z
-188.7,47.7531999805212,-171.7,2026-01-29T14:54:45.456Z
-188.7,48.00133597911215,-171.7,2026-01-29T14:54:45.506Z
-188.7,48.166109260938214,-171.7,2026-01-29T14:54:45.557Z
-188.7,47.966367993957526,-171.7,2026-01-29T14:54:45.708Z
-188.7,47.73584062504456,-171.7,2026-01-29T14:54:45.759Z
-188.7,47.43152379758702,-171.7,2026-01-29T14:54:45.809Z
-188.7,47.054893299348365,-171.7,2026-01-29T14:54:45.859Z
-188.7,47,-171.7,2026-01-29T14:54:45.910Z
-188.7,47.41999998688698,-171.7,2026-01-29T14:54:45.961Z
-188.7,47.7531999805212,-171.7,2026-01-29T14:54:46.011Z
-188.7,48.00133597911215,-171.7,2026-01-29T14:54:46.062Z
-188.7,48.166109260938214,-171.7,2026-01-29T14:54:46.113Z
-188.7,47.966367993957526,-171.7,2026-01-29T14:54:46.267Z
-188.7,47.73584062504456,-171.7,2026-01-29T14:54:46.317Z
-188.7,47.43152379758702,-171.7,2026-01-29T14:54:46.369Z
-188.7,47.054893299348365,-171.7,2026-01-29T14:54:46.419Z
-188.7,47,-171.7,2026-01-29T14:54:46.470Z
-188.7,47.41999998688698,-171.7,2026-01-29T14:54:46.521Z
-188.7,47.7531999805212,-171.7,2026-01-29T14:54:46.573Z
-188.7,48.00133597911215,-171.7,2026-01-29T14:54:46.623Z
-188.7,48.166109260938214,-171.7,2026-01-29T14:54:46.674Z
-188.7,47.966367993957526,-171.7,2026-01-29T14:54:46.826Z
-188.7,47.73584062504456,-171.7,2026-01-29T14:54:46.876Z
-188.7,47.43152379758702,-171.7,2026-01-29T14:54:46.927Z
-188.7,47.054893299348365,-171.7,2026-01-29T14:54:46.979Z
-188.7,47,-171.7,2026-01-29T14:54:47.029Z
-188.7,47.41999998688698,-171.7,2026-01-29T14:54:47.080Z
-188.7,47.7531999805212,-171.7,2026-01-29T14:54:47.130Z
-188.7,48.00133597911215,-171.7,2026-01-29T14:54:47.180Z
-188.7,48.166109260938214,-171.7,2026-01-29T14:54:47.231Z
-188.7,47.966367993957526,-171.7,2026-01-29T14:54:47.382Z
-188.7,47.73584062504456,-171.7,2026-01-29T14:54:47.434Z
-188.7,47.43152379758702,-171.7,2026-01-29T14:54:47.484Z
-188.7,47.054893299348365,-171.7,2026-01-29T14:54:47.535Z
-188.7,47,-171.7,2026-01-29T14:54:47.587Z
-188.7,47.41999998688698,-171.7,2026-01-29T14:54:47.637Z
-188.7,47.7531999805212,-171.7,2026-01-29T14:54:47.699Z
-188.7,48.00133597911215,-171.7,2026-01-29T14:54:47.740Z
-188.7,48.166109260938214,-171.7,2026-01-29T14:54:47.794Z
-188.7,48,-171.7,2026-01-29T14:54:47.943Z
-188.7,48.41999998688698,-171.7,2026-01-29T14:54:48.602Z
-188.7,48.7531999805212,-171.7,2026-01-29T14:54:48.652Z
-188.7,49.00133597911215,-171.7,2026-01-29T14:54:48.702Z
-188.7,49.166109260938214,-171.7,2026-01-29T14:54:48.753Z
-188.7,48.966367993957526,-171.7,2026-01-29T14:54:48.905Z
-188.7,48.73584062504456,-171.7,2026-01-29T14:54:48.954Z
-188.7,48.43152379758702,-171.7,2026-01-29T14:54:49.004Z
-188.7,48.054893299348365,-171.7,2026-01-29T14:54:49.054Z
-188.7,48,-171.7,2026-01-29T14:54:49.104Z
-188.7,48.41999998688698,-171.7,2026-01-29T14:54:49.154Z
-188.7,48.7531999805212,-171.7,2026-01-29T14:54:49.205Z
-188.7,49.00133597911215,-171.7,2026-01-29T14:54:49.255Z
-188.7,49.166109260938214,-171.7,2026-01-29T14:54:49.305Z
-188.7,48.966367993957526,-171.7,2026-01-29T14:54:49.456Z
-188.7,48.73584062504456,-171.7,2026-01-29T14:54:49.506Z
-188.7,48.43152379758702,-171.7,2026-01-29T14:54:49.555Z
-188.7,48.054893299348365,-171.7,2026-01-29T14:54:49.605Z
-188.7,48,-171.7,2026-01-29T14:54:49.655Z
-188.7,48.41999998688698,-171.7,2026-01-29T14:54:49.706Z
-188.7,48.7531999805212,-171.7,2026-01-29T14:54:49.757Z
-188.7,49.00133597911215,-171.7,2026-01-29T14:54:49.808Z
-188.7,49.166109260938214,-171.7,2026-01-29T14:54:49.859Z
-188.7,48.966367993957526,-171.7,2026-01-29T14:54:50.011Z
-188.7,48.73584062504456,-171.7,2026-01-29T14:54:50.062Z
-188.7,48.43152379758702,-171.7,2026-01-29T14:54:50.113Z
-188.7,48.054893299348365,-171.7,2026-01-29T14:54:50.164Z
-188.7,48,-171.7,2026-01-29T14:54:50.216Z
-188.7,48.41999998688698,-171.7,2026-01-29T14:54:50.266Z
-188.7,48.7531999805212,-171.7,2026-01-29T14:54:50.317Z
-188.7,49.00133597911215,-171.7,2026-01-29T14:54:50.369Z
-188.7,49.166109260938214,-171.7,2026-01-29T14:54:50.419Z
-188.7,48.966367993957526,-171.7,2026-01-29T14:54:50.571Z
-188.7,48.73584062504456,-171.7,2026-01-29T14:54:50.622Z
-188.7,48.43152379758702,-171.7,2026-01-29T14:54:50.673Z
-188.7,48.054893299348365,-171.7,2026-01-29T14:54:50.725Z
-188.7,48,-171.7,2026-01-29T14:54:50.777Z
-188.7,48.41999998688698,-171.7,2026-01-29T14:54:50.828Z
-188.7,48.7531999805212,-171.7,2026-01-29T14:54:50.878Z
-188.7,49.00133597911215,-171.7,2026-01-29T14:54:50.929Z
-188.7,49.166109260938214,-171.7,2026-01-29T14:54:50.981Z
-188.7,48.966367993957526,-171.7,2026-01-29T14:54:51.135Z
-188.7,48.73584062504456,-171.7,2026-01-29T14:54:51.185Z
-188.7,48.43152379758702,-171.7,2026-01-29T14:54:51.236Z
-188.7,48.054893299348365,-171.7,2026-01-29T14:54:51.287Z
-188.7,48,-171.7,2026-01-29T14:54:51.339Z
-188.7,48.41999998688698,-171.7,2026-01-29T14:54:51.391Z
-188.7,48.7531999805212,-171.7,2026-01-29T14:54:51.442Z
-188.7,49.00133597911215,-171.7,2026-01-29T14:54:51.492Z
-188.7,49.166109260938214,-171.7,2026-01-29T14:54:51.542Z
-188.7,48.966367993957526,-171.7,2026-01-29T14:54:51.696Z
-188.7,48.73584062504456,-171.7,2026-01-29T14:54:51.747Z
-188.7,48.43152379758702,-171.7,2026-01-29T14:54:51.797Z
-188.7,48.054893299348365,-171.7,2026-01-29T14:54:51.798Z
-188.7,48,-171.7,2026-01-29T14:54:51.848Z
-188.7,48.41999998688698,-171.7,2026-01-29T14:54:51.899Z
-188.7,48.7531999805212,-171.7,2026-01-29T14:54:51.949Z
-188.7,49.00133597911215,-171.7,2026-01-29T14:54:52.000Z
-188.7,49.166109260938214,-171.7,2026-01-29T14:54:52.051Z
-188.7,48.966367993957526,-171.7,2026-01-29T14:54:52.202Z
-188.7,48.73584062504456,-171.7,2026-01-29T14:54:52.253Z
-188.7,48.43152379758702,-171.7,2026-01-29T14:54:52.303Z
-188.7,48.054893299348365,-171.7,2026-01-29T14:54:52.354Z
-188.7,48,-171.7,2026-01-29T14:54:52.405Z
-188.7,48.41999998688698,-171.7,2026-01-29T14:54:52.454Z
-188.7,48.7531999805212,-171.7,2026-01-29T14:54:52.506Z
-188.7,49.00133597911215,-171.7,2026-01-29T14:54:52.555Z
-188.7,49.166109260938214,-171.7,2026-01-29T14:54:52.606Z
-188.7,48.966367993957526,-171.7,2026-01-29T14:54:52.759Z
-188.7,48.73584062504456,-171.7,2026-01-29T14:54:52.809Z
-188.7,48.43152379758702,-171.7,2026-01-29T14:54:52.859Z
-188.7,48.054893299348365,-171.7,2026-01-29T14:54:52.911Z
-188.7,48,-171.7,2026-01-29T14:54:52.962Z
-188.7,48.41999998688698,-171.7,2026-01-29T14:54:53.012Z
-188.7,48.7531999805212,-171.7,2026-01-29T14:54:53.062Z
-188.7,49.00133597911215,-171.7,2026-01-29T14:54:53.113Z
-188.7,49.166109260938214,-171.7,2026-01-29T14:54:53.165Z
-188.7,48.966367993957526,-171.7,2026-01-29T14:54:53.317Z
-188.7,48.73584062504456,-171.7,2026-01-29T14:54:53.367Z
-188.7,48.43152379758702,-171.7,2026-01-29T14:54:53.418Z
-188.7,48.054893299348365,-171.7,2026-01-29T14:54:53.469Z
-188.7,48,-171.7,2026-01-29T14:54:53.520Z
-188.7,48.41999998688698,-171.7,2026-01-29T14:54:53.571Z
-188.7,48.7531999805212,-171.7,2026-01-29T14:54:53.623Z
-188.7,49.00133597911215,-171.7,2026-01-29T14:54:53.673Z
-188.7,49.166109260938214,-171.7,2026-01-29T14:54:53.766Z
-188.7,48.966367993957526,-171.7,2026-01-29T14:54:53.918Z
-188.7,48.73584062504456,-171.7,2026-01-29T14:54:53.970Z
-188.7,48.43152379758702,-171.7,2026-01-29T14:54:54.020Z
-188.7,48.054893299348365,-171.7,2026-01-29T14:54:54.071Z
-188.7,48,-171.7,2026-01-29T14:54:54.105Z
-188.67908258752257,48,-171.57432886322314,2026-01-29T14:54:54.134Z
-188.64674426783247,48,-171.38004128576614,2026-01-29T14:54:54.185Z
-188.60817013280425,48,-171.14828913169777,2026-01-29T14:54:54.235Z
-188.5661912426014,48,-170.8960813187996,2026-01-29T14:54:54.287Z
-188.52235335607324,48,-170.63270471618034,2026-01-29T14:54:54.339Z
-188.47717152334334,47.92159999847412,-170.3632851466366,2026-01-29T14:54:54.391Z
-188.4777554642357,47.76636799395752,-170.21957399337137,2026-01-29T14:54:54.441Z
-188.502332387258,47.53584062504456,-170.09552032921312,2026-01-29T14:54:54.492Z
-188.54831369326521,47.231523797587016,-169.99219708358393,2026-01-29T14:54:54.543Z
-188.6126437389003,47,-169.91015469370032,2026-01-29T14:54:54.595Z
-188.77729828821768,47,-169.9059982300005,2026-01-29T14:54:54.645Z
-188.96557536287753,47,-169.98694880897577,2026-01-29T14:54:54.696Z
-189.16032693485622,47,-170.1193269001184,2026-01-29T14:54:54.747Z
-189.3514116736625,47,-170.5,2026-01-29T14:54:54.797Z
-189.59812836604988,47.41999998688698,-170.7,2026-01-29T14:54:56.758Z
-189.7,47.7531999805212,-170.7,2026-01-29T14:54:56.808Z
-189.71801708078462,48.00133597911215,-170.7,2026-01-29T14:54:56.834Z
-189.75224004621492,48.166109260938214,-170.7,2026-01-29T14:54:56.870Z
-189.80077651836336,48.2,-170.7,2026-01-29T14:54:56.921Z
-189.8616946292813,48.121599998474125,-170.7,2026-01-29T14:54:56.972Z
-189.93300917879574,48,-170.7,2026-01-29T14:54:57.024Z
-190.07170586922794,48,-170.7,2026-01-29T14:54:57.076Z
-190.20763725331943,48,-170.7,2026-01-29T14:54:57.127Z
-190.32563805133833,48,-170.8196406547583,2026-01-29T14:54:57.177Z
-190.42174959113893,48,-171.00836199550272,2026-01-29T14:54:57.228Z
-190.49415625055238,48,-171.5,2026-01-29T14:54:57.278Z
-190.4948233126068,48,-171.627398303724,2026-01-29T14:54:58.652Z
-190.49549037466122,48,-171.82435608128128,2026-01-29T14:54:58.702Z
-190.49649096202788,48,-172.0592911486023,2026-01-29T14:54:58.753Z
-190.49749154939454,48,-172.31496181613437,2026-01-29T14:54:58.803Z
-190.49782508156477,48,-172.44236142963388,2026-01-29T14:55:00.175Z
-190.498158613735,48,-172.63932123210412,2026-01-29T14:55:00.225Z
-190.49849214590523,48,-172.8742608977524,2026-01-29T14:55:00.277Z
-190.49882567807546,48,-173.12993756869588,2026-01-29T14:55:00.327Z
-190.4991592102457,48,-173.39693664453054,2026-01-29T14:55:00.378Z
-190.59706518061006,48.41999998688698,-173.7,2026-01-29T14:55:03.987Z
-190.65807771975938,48.7531999805212,-173.7,2026-01-29T14:55:04.039Z
-190.7,49.00133597911215,-173.72464598234072,2026-01-29T14:55:04.089Z
-190.7,49.166109260938214,-173.77188061671598,2026-01-29T14:55:04.141Z
-190.7,49.2,-173.83960863544957,2026-01-29T14:55:04.190Z
-190.7,49.121599998474125,-173.9259039576584,2026-01-29T14:55:04.241Z
-190.7,49,-174.02897408307044,2026-01-29T14:55:04.292Z
-190.7,49,-174.2445359751586,2026-01-29T14:55:04.342Z
-190.7,49,-174.4806863391156,2026-01-29T14:55:04.393Z
-190.7,49,-174.7,2026-01-29T14:55:04.444Z
-190.7,49.41999998688698,-174.7,2026-01-29T14:55:05.151Z
-190.7,49.7531999805212,-174.7,2026-01-29T14:55:05.202Z
-190.7,50.00133597911215,-174.7,2026-01-29T14:55:05.251Z
-190.7,50.166109260938214,-174.7,2026-01-29T14:55:05.301Z
-190.7,49.966367993957526,-174.7,2026-01-29T14:55:05.451Z
-190.7,49.73584062504456,-174.7,2026-01-29T14:55:05.502Z
-190.7,49.43152379758702,-174.7,2026-01-29T14:55:05.552Z
-190.7,49.054893299348365,-174.7,2026-01-29T14:55:05.602Z
-190.7,49,-174.7,2026-01-29T14:55:05.652Z
-190.7,49.41999998688698,-174.7,2026-01-29T14:55:05.703Z
-190.7,49.7531999805212,-174.7,2026-01-29T14:55:05.752Z
-190.7,50.00133597911215,-174.7,2026-01-29T14:55:05.803Z
-190.7,50.166109260938214,-174.7,2026-01-29T14:55:05.854Z
-190.7,49.966367993957526,-174.7,2026-01-29T14:55:06.005Z
-190.7,49.73584062504456,-174.7,2026-01-29T14:55:06.056Z
-190.7,49.43152379758702,-174.7,2026-01-29T14:55:06.106Z
-190.7,49.054893299348365,-174.7,2026-01-29T14:55:06.156Z
-190.7,49,-174.7,2026-01-29T14:55:06.205Z
-190.7,49.41999998688698,-174.7,2026-01-29T14:55:06.255Z
-190.7,49.7531999805212,-174.7,2026-01-29T14:55:06.306Z
-190.7,50.00133597911215,-174.7,2026-01-29T14:55:06.355Z
-190.7,50.166109260938214,-174.7,2026-01-29T14:55:06.406Z
-190.7,49.966367993957526,-174.7,2026-01-29T14:55:06.560Z
-190.7,49.73584062504456,-174.7,2026-01-29T14:55:06.609Z
-190.7,49.43152379758702,-174.7,2026-01-29T14:55:06.660Z
-190.7,49.054893299348365,-174.7,2026-01-29T14:55:06.711Z
-190.7,49,-174.7,2026-01-29T14:55:06.763Z
-190.7,49.41999998688698,-174.7,2026-01-29T14:55:06.813Z
-190.7,49.7531999805212,-174.7,2026-01-29T14:55:06.865Z
-190.7,50.00133597911215,-174.7,2026-01-29T14:55:06.915Z
-190.7,50.166109260938214,-174.7,2026-01-29T14:55:06.966Z
-190.7,49.966367993957526,-174.7,2026-01-29T14:55:07.119Z
-190.7,49.73584062504456,-174.7,2026-01-29T14:55:07.169Z
-190.7,49.43152379758702,-174.7,2026-01-29T14:55:07.220Z
-190.7,49.054893299348365,-174.7,2026-01-29T14:55:07.269Z
-190.7,49,-174.7,2026-01-29T14:55:07.320Z
-190.7,49.41999998688698,-174.7,2026-01-29T14:55:07.371Z
-190.7,49.7531999805212,-174.7,2026-01-29T14:55:07.421Z
-190.7,50.00133597911215,-174.7,2026-01-29T14:55:07.472Z
-190.7,50.166109260938214,-174.7,2026-01-29T14:55:07.523Z
-190.7,49.966367993957526,-174.7,2026-01-29T14:55:07.677Z
-190.7,49.73584062504456,-174.7,2026-01-29T14:55:07.727Z
-190.7,49.43152379758702,-174.7,2026-01-29T14:55:07.779Z
-190.7,49.054893299348365,-174.7,2026-01-29T14:55:07.830Z
-190.7,49,-174.7,2026-01-29T14:55:07.882Z
-190.7,49.41999998688698,-174.7,2026-01-29T14:55:07.934Z
-190.7,49.7531999805212,-174.7,2026-01-29T14:55:07.986Z
-190.7,50.00133597911215,-174.7,2026-01-29T14:55:08.035Z
-190.7,50.166109260938214,-174.7,2026-01-29T14:55:08.086Z
-190.7,49.966367993957526,-174.7,2026-01-29T14:55:08.240Z
-190.7,49.73584062504456,-174.7,2026-01-29T14:55:08.291Z
-190.7,49.43152379758702,-174.7,2026-01-29T14:55:08.343Z
-190.7,49.054893299348365,-174.7,2026-01-29T14:55:08.393Z
-190.7,49,-174.7,2026-01-29T14:55:08.444Z
-190.7,49.41999998688698,-174.7,2026-01-29T14:55:08.496Z
-190.7,49.7531999805212,-174.7,2026-01-29T14:55:08.547Z
-190.7,50.00133597911215,-174.7,2026-01-29T14:55:08.597Z
-190.7,50.166109260938214,-174.7,2026-01-29T14:55:08.598Z
-190.7,49.966367993957526,-174.7,2026-01-29T14:55:08.751Z
-190.7,49.73584062504456,-174.7,2026-01-29T14:55:08.801Z
-190.7,49.43152379758702,-174.7,2026-01-29T14:55:08.851Z
-190.7,49.054893299348365,-174.7,2026-01-29T14:55:08.900Z
-190.7,49,-174.7,2026-01-29T14:55:08.951Z
-190.7,49.41999998688698,-174.7,2026-01-29T14:55:09.001Z
-190.7,49.7531999805212,-174.7,2026-01-29T14:55:09.051Z
-190.7,50.00133597911215,-174.7,2026-01-29T14:55:09.101Z
-190.7,50.166109260938214,-174.7,2026-01-29T14:55:09.151Z
-190.7,49.966367993957526,-174.7,2026-01-29T14:55:09.302Z
-190.7,49.73584062504456,-174.7,2026-01-29T14:55:09.352Z
-190.7,49.43152379758702,-174.7,2026-01-29T14:55:09.402Z
-190.7,49.054893299348365,-174.7,2026-01-29T14:55:09.454Z
-190.7,49,-174.7,2026-01-29T14:55:09.503Z
-190.7,49.41999998688698,-174.7,2026-01-29T14:55:09.553Z
-190.7,49.7531999805212,-174.7,2026-01-29T14:55:09.603Z
-190.7,50.00133597911215,-174.7,2026-01-29T14:55:09.653Z
-190.7,50.166109260938214,-174.7,2026-01-29T14:55:09.703Z
-190.7,49.966367993957526,-174.7,2026-01-29T14:55:09.855Z
-190.7,49.73584062504456,-174.7,2026-01-29T14:55:09.906Z
-190.7,49.43152379758702,-174.7,2026-01-29T14:55:09.957Z
-190.7,49.054893299348365,-174.7,2026-01-29T14:55:10.008Z
-190.7,49,-174.7,2026-01-29T14:55:10.058Z
-190.7,49.41999998688698,-174.7,2026-01-29T14:55:10.109Z
-190.7,49.7531999805212,-174.7,2026-01-29T14:55:10.161Z
-190.7,50.00133597911215,-174.7,2026-01-29T14:55:10.211Z
-190.7,50.166109260938214,-174.7,2026-01-29T14:55:10.286Z
-190.7,49.966367993957526,-174.7,2026-01-29T14:55:10.415Z
-190.7,49.73584062504456,-174.7,2026-01-29T14:55:10.466Z
-190.7,49.43152379758702,-174.7,2026-01-29T14:55:10.518Z
-190.7,49.054893299348365,-174.7,2026-01-29T14:55:10.568Z
-190.7,49,-174.7,2026-01-29T14:55:10.619Z
-190.7,49.41999998688698,-174.7,2026-01-29T14:55:13.793Z
-190.7,49.7531999805212,-174.7,2026-01-29T14:55:13.844Z
-190.71801708078462,50.00133597911215,-174.7,2026-01-29T14:55:13.893Z
-190.75224004621492,50.166109260938214,-174.7,2026-01-29T14:55:13.944Z
-190.80077651836336,50.2,-174.7,2026-01-29T14:55:13.994Z
-190.8616946292813,50.121599998474125,-174.7,2026-01-29T14:55:14.044Z
-190.93300917879574,50,-174.7,2026-01-29T14:55:14.095Z
-191.07170586922794,50,-174.7,2026-01-29T14:55:14.145Z
-191.20763725331943,50,-174.7,2026-01-29T14:55:14.194Z
-191.32563805133833,50,-174.8196406547583,2026-01-29T14:55:14.244Z
-191.42174959113893,50,-175.00836199550272,2026-01-29T14:55:14.294Z
-191.49415625055238,50,-175.5,2026-01-29T14:55:14.344Z
-191.4043069627856,50,-175.40967902651468,2026-01-29T14:55:20.905Z
-191.3,50,-175.27004280150638,2026-01-29T14:55:20.954Z
-191.3,50,-175.10538191955922,2026-01-29T14:55:21.005Z
-191.3,50,-174.93871705281268,2026-01-29T14:55:21.056Z
-191.3,50,-174.78634259335635,2026-01-29T14:55:21.106Z
-191.3,50,-174.66030487238112,2026-01-29T14:55:21.156Z
-191.1751134032491,50,-174.56630672166327,2026-01-29T14:55:21.207Z
-190.9801225000678,50,-174.50266231668488,2026-01-29T14:55:21.258Z
-190.74625916320684,50,-174.4672454095123,2026-01-29T14:55:21.308Z
-190.49230362381982,50,-174.46486744339273,2026-01-29T14:55:21.358Z
-190.38078398119714,49.92159999847412,-174.5893430985183,2026-01-29T14:55:21.409Z
-190.32269028657177,49.76636799395752,-174.63198068107187,2026-01-29T14:55:21.437Z
-190.3,49.53584062504456,-174.64560423333953,2026-01-29T14:55:21.470Z
-190.30438075347513,49.231523797587016,-174.63290108027266,2026-01-29T14:55:21.520Z
-190.31268226449555,49,-174.59622924259702,2026-01-29T14:55:21.570Z
-190.34181177479763,49,-174.43729797901935,2026-01-29T14:55:21.622Z
-190.37896283410802,49,-174.2249055645923,2026-01-29T14:55:21.674Z
-190.42016472496888,49,-173.98326816953826,2026-01-29T14:55:21.724Z
-190.4635783698563,49,-173.7256630150619,2026-01-29T14:55:21.776Z
-190.50754133618466,49,-173.45923166379464,2026-01-29T14:55:21.827Z
-190.50832830072366,48.92159999847412,-173.43902687047992,2026-01-29T14:55:21.878Z
-190.508128183329,48.76636799395752,-173.40251583919328,2026-01-29T14:55:21.929Z
-190.50792806593435,48.53584062504456,-173.34381158658567,2026-01-29T14:55:21.979Z
-190.50766124487507,48.231523797587016,-173.3,2026-01-29T14:55:22.030Z
-190.50739442381578,48,-173.27452139708458,2026-01-29T14:55:22.081Z
-190.50606031799478,48,-173.12394280376478,2026-01-29T14:55:22.131Z
-190.50472621217378,48,-172.91433382714538,2026-01-29T14:55:22.183Z
-190.50339210635278,48,-172.67249426124442,2026-01-29T14:55:22.234Z
-190.50305857418252,48,-172.41305024476299,2026-01-29T14:55:22.284Z
-190.50272504201226,48,-172.1439941982646,2026-01-29T14:55:22.335Z
-190.5020579799578,48,-171.8696912931525,2026-01-29T14:55:22.385Z
-190.50139091790336,48,-171.59252360323728,2026-01-29T14:55:22.437Z
-190.5013909179033,48,-171.3137899944512,2026-01-29T14:55:22.487Z
-190.50105738573305,48,-171.0342018305545,2026-01-29T14:55:22.539Z
-190.5007238535628,48,-170.7541470795674,2026-01-29T14:55:22.589Z
-190.50072385356273,48,-170.47383713543607,2026-01-29T14:55:22.640Z
-190.50072385356268,48,-170.19338785584802,2026-01-29T14:55:22.691Z
-190.50072385356262,48,-169.91286249910058,2026-01-29T14:55:22.741Z
-190.50039032139236,48,-169.63229604081695,2026-01-29T14:55:22.792Z
-190.5003903213923,48,-169.35170670450174,2026-01-29T14:55:22.844Z
-190.50039032139225,48,-169.07110487678128,2026-01-29T14:55:22.895Z
-190.5003903213922,48,-168.79049622875354,2026-01-29T14:55:22.946Z
-190.50039032139213,48,-168.50988385683803,2026-01-29T14:55:22.996Z
-190.50039032139208,48,-168.2292694516798,2026-01-29T14:55:23.047Z
-190.50039032139202,48,-167.94865393637107,2026-01-29T14:55:23.098Z
-190.50039032139196,48,-167.66803781492013,2026-01-29T14:55:23.149Z
-190.5003903213919,48,-167.38742136251557,2026-01-29T14:55:23.149Z
-190.50039032139185,48,-167.10680472941033,2026-01-29T14:55:23.199Z
-190.5003903213918,48,-166.8261879976425,2026-01-29T14:55:23.260Z
-190.50039032139173,48,-166.54557121200492,2026-01-29T14:55:23.315Z
-190.5003903213916,48.41999998688698,-166.06495439695442,2026-01-29T14:55:23.351Z
-190.5003903213916,48.7531999805212,-165.77705761593685,2026-01-29T14:55:23.401Z
-190.5003903213916,49.00133597911215,-165.48959154521089,2026-01-29T14:55:23.451Z
-190.5003903213916,49.166109260938214,-165.20251742085023,2026-01-29T14:55:23.502Z
-190.5003903213916,49.2,-164.91579996768203,2026-01-29T14:55:23.552Z
-190.5003903213916,49.121599998474125,-164.629407085299,2026-01-29T14:55:23.603Z
-190.5003903213916,48.966367993957526,-164.34330956233043,2026-01-29T14:55:23.653Z
-190.5003903213916,48.73584062504456,-164.05748081642903,2026-01-29T14:55:23.702Z
-190.5003903213916,48.43152379758702,-163.77189665765877,2026-01-29T14:55:23.752Z
-190.5003903213916,48.054893299348365,-163.48653507317783,2026-01-29T14:55:23.803Z
-190.5003903213916,48,-163.20137603130016,2026-01-29T14:55:23.853Z
-190.50039032139154,48,-162.81448125309913,2026-01-29T14:55:23.922Z
-190.3024445408997,48.41999998688698,-162.34245276914027,2026-01-29T14:55:23.955Z
-190.3,48.7531999805212,-162.3,2026-01-29T14:55:24.006Z
-190.3,49.00133597911215,-162.28198291921538,2026-01-29T14:55:24.055Z
-190.3,49.166109260938214,-162.2477599537851,2026-01-29T14:55:24.107Z
-190.3,49.2,-162.1992234816367,2026-01-29T14:55:24.157Z
-190.3,49.121599998474125,-162.1383053707188,2026-01-29T14:55:24.207Z
-190.3,49,-162.06699082120437,2026-01-29T14:55:24.259Z
-190.3,49,-161.92829413077226,2026-01-29T14:55:24.309Z
-190.3,49,-161.79236274668088,2026-01-29T14:55:24.360Z
-190.3,49,-161.6743619486621,2026-01-29T14:55:24.410Z
-190.17552434487445,49,-161.58279343106125,2026-01-29T14:55:24.460Z
-189.98112380501584,49,-161.5171605171059,2026-01-29T14:55:24.511Z
-189.5,49,-161.47665653576155,2026-01-29T14:55:24.562Z
-189.5,49.41999998688698,-161.47665653576155,2026-01-29T14:55:24.664Z
-189.5,49.7531999805212,-161.47665653576155,2026-01-29T14:55:24.715Z
-189.5,50.00133597911215,-161.47665653576155,2026-01-29T14:55:24.766Z
-189.5,50.166109260938214,-161.47665653576155,2026-01-29T14:55:24.817Z
-189.5,50.24918707874468,-161.47665653576155,2026-01-29T14:55:24.868Z
-189.5,50.17675927506424,-161.47665653576155,2026-01-29T14:55:24.971Z
-189.5,50.024424088213685,-161.47665653576155,2026-01-29T14:55:25.020Z
-189.5,49.7967356006687,-161.47665653576155,2026-01-29T14:55:25.072Z
-189.5,49.495200877005914,-161.47665653576155,2026-01-29T14:55:25.122Z
-189.5,49.121296840539195,-161.47665653576155,2026-01-29T14:55:25.173Z
-189.5,49,-161.47665653576155,2026-01-29T14:55:25.224Z
-189.5,49.41999998688698,-161.47665653576155,2026-01-29T14:55:25.275Z
-189.5,49.7531999805212,-161.47665653576155,2026-01-29T14:55:25.326Z
-189.5,50.00133597911215,-161.47665653576155,2026-01-29T14:55:25.377Z
-189.5,50.166109260938214,-161.47665653576155,2026-01-29T14:55:25.429Z
-189.5,50.24918707874468,-161.47665653576155,2026-01-29T14:55:25.480Z
-189.5,50.17675927506424,-161.47665653576155,2026-01-29T14:55:25.582Z
-189.5,50.024424088213685,-161.47665653576155,2026-01-29T14:55:25.632Z
-189.5,49.7967356006687,-161.47665653576155,2026-01-29T14:55:25.683Z
-189.5,49.495200877005914,-161.47665653576155,2026-01-29T14:55:25.735Z
-189.5,49.121296840539195,-161.47665653576155,2026-01-29T14:55:25.785Z
-189.5,49,-161.47665653576155,2026-01-29T14:55:25.837Z
-189.5,49.41999998688698,-161.47665653576155,2026-01-29T14:55:25.887Z
-189.5,49.7531999805212,-161.47665653576155,2026-01-29T14:55:25.939Z
-189.5,50.00133597911215,-161.47665653576155,2026-01-29T14:55:25.990Z
-189.5,50.166109260938214,-161.47665653576155,2026-01-29T14:55:26.041Z
-189.5,50.24918707874468,-161.47665653576155,2026-01-29T14:55:26.092Z
-189.5,50.17675927506424,-161.47665653576155,2026-01-29T14:55:26.194Z
-189.5,50.024424088213685,-161.47665653576155,2026-01-29T14:55:26.244Z
-189.5,49.7967356006687,-161.47665653576155,2026-01-29T14:55:26.296Z
-189.5,49.495200877005914,-161.47665653576155,2026-01-29T14:55:26.347Z
-189.5,49.121296840539195,-161.47665653576155,2026-01-29T14:55:26.398Z
-189.5,49,-161.47665653576155,2026-01-29T14:55:26.398Z
-189.5,49.41999998688698,-161.47665653576155,2026-01-29T14:55:26.449Z
-189.5,49.7531999805212,-161.47665653576155,2026-01-29T14:55:26.499Z
-189.5,50.00133597911215,-161.47665653576155,2026-01-29T14:55:26.550Z
-189.5,50.166109260938214,-161.47665653576155,2026-01-29T14:55:26.601Z
-189.5,50.24918707874468,-161.47665653576155,2026-01-29T14:55:26.651Z
-189.5,50.17675927506424,-161.47665653576155,2026-01-29T14:55:26.752Z
-189.5,50.024424088213685,-161.47665653576155,2026-01-29T14:55:26.802Z
-189.5,49.7967356006687,-161.47665653576155,2026-01-29T14:55:26.851Z
-189.5,49.495200877005914,-161.47665653576155,2026-01-29T14:55:26.902Z
-189.5,49.121296840539195,-161.47665653576155,2026-01-29T14:55:26.952Z
-189.5,49,-161.47665653576155,2026-01-29T14:55:27.001Z
-189.5,49.41999998688698,-161.47665653576155,2026-01-29T14:55:27.052Z
-189.5,49.7531999805212,-161.47665653576155,2026-01-29T14:55:27.102Z
-189.5,50.00133597911215,-161.47665653576155,2026-01-29T14:55:27.152Z
-189.5,50.166109260938214,-161.47665653576155,2026-01-29T14:55:27.201Z
-189.5,50.24918707874468,-161.47665653576155,2026-01-29T14:55:27.252Z
-189.5,50.17675927506424,-161.47665653576155,2026-01-29T14:55:27.353Z
-189.5,50.024424088213685,-161.47665653576155,2026-01-29T14:55:27.403Z
-189.5,49.7967356006687,-161.47665653576155,2026-01-29T14:55:27.453Z
-189.5,49.495200877005914,-161.47665653576155,2026-01-29T14:55:27.503Z
-189.5,49.121296840539195,-161.47665653576155,2026-01-29T14:55:27.553Z
-189.5,49,-161.47665653576155,2026-01-29T14:55:27.603Z
-189.5,49.41999998688698,-161.47665653576155,2026-01-29T14:55:27.652Z
-189.5,49.7531999805212,-161.47665653576155,2026-01-29T14:55:27.704Z
-189.5,50.00133597911215,-161.47665653576155,2026-01-29T14:55:27.755Z
-189.5,50.166109260938214,-161.47665653576155,2026-01-29T14:55:27.806Z
-189.5,50.24918707874468,-161.47665653576155,2026-01-29T14:55:27.856Z
-189.5,50.17675927506424,-161.47665653576155,2026-01-29T14:55:27.957Z
-189.5,50.024424088213685,-161.47665653576155,2026-01-29T14:55:28.008Z
-189.5,49.7967356006687,-161.47665653576155,2026-01-29T14:55:28.058Z
-189.5,49.495200877005914,-161.47665653576155,2026-01-29T14:55:28.108Z
-189.5,49.121296840539195,-161.47665653576155,2026-01-29T14:55:28.159Z
-189.5,49,-161.47665653576155,2026-01-29T14:55:28.211Z
-189.5,49.41999998688698,-161.47665653576155,2026-01-29T14:55:28.261Z
-189.5,49.7531999805212,-161.47665653576155,2026-01-29T14:55:28.312Z
-189.5,50.00133597911215,-161.47665653576155,2026-01-29T14:55:28.364Z
-189.5,50.166109260938214,-161.47665653576155,2026-01-29T14:55:28.414Z
-189.5,50.24918707874468,-161.47665653576155,2026-01-29T14:55:28.466Z
-189.5,50.17675927506424,-161.47665653576155,2026-01-29T14:55:28.567Z
-189.5,50.024424088213685,-161.47665653576155,2026-01-29T14:55:28.618Z
-189.5,49.7967356006687,-161.47665653576155,2026-01-29T14:55:28.669Z
-189.5,49.495200877005914,-161.47665653576155,2026-01-29T14:55:28.720Z
-189.5,49.121296840539195,-161.47665653576155,2026-01-29T14:55:28.771Z
-189.5,49,-161.47665653576155,2026-01-29T14:55:28.823Z
-189.5,49.41999998688698,-161.47665653576155,2026-01-29T14:55:28.873Z
-189.5,49.7531999805212,-161.47665653576155,2026-01-29T14:55:28.924Z
-189.5,50.00133597911215,-161.47665653576155,2026-01-29T14:55:28.975Z
-189.5,50.166109260938214,-161.47665653576155,2026-01-29T14:55:29.026Z
-189.5,50.24918707874468,-161.47665653576155,2026-01-29T14:55:29.077Z
-189.5,50.17675927506424,-161.47665653576155,2026-01-29T14:55:29.178Z
-189.5,50.024424088213685,-161.47665653576155,2026-01-29T14:55:29.229Z
-189.5,49.7967356006687,-161.47665653576155,2026-01-29T14:55:29.280Z
-189.5,49.495200877005914,-161.47665653576155,2026-01-29T14:55:29.332Z
-189.5,49.121296840539195,-161.47665653576155,2026-01-29T14:55:29.382Z
-189.5,49,-161.47665653576155,2026-01-29T14:55:29.433Z
-189.5,49.41999998688698,-161.47665653576155,2026-01-29T14:55:29.483Z
-189.5,49.7531999805212,-161.47665653576155,2026-01-29T14:55:29.534Z
-189.5,50.00133597911215,-161.47665653576155,2026-01-29T14:55:29.585Z
-189.5,50.166109260938214,-161.47665653576155,2026-01-29T14:55:29.636Z
-189.5,50.24918707874468,-161.47665653576155,2026-01-29T14:55:29.687Z
-189.5,50.17675927506424,-161.47665653576155,2026-01-29T14:55:29.788Z
-189.5,50.024424088213685,-161.47665653576155,2026-01-29T14:55:29.839Z
-189.5,49.7967356006687,-161.47665653576155,2026-01-29T14:55:29.890Z
-189.5,49.495200877005914,-161.47665653576155,2026-01-29T14:55:29.941Z
-189.5,49.121296840539195,-161.47665653576155,2026-01-29T14:55:29.993Z
-189.5,49,-161.47665653576155,2026-01-29T14:55:30.043Z
-189.5,49.41999998688698,-161.47665653576155,2026-01-29T14:55:30.094Z
-189.5,49.7531999805212,-161.47665653576155,2026-01-29T14:55:30.144Z
-189.5,50.00133597911215,-161.47665653576155,2026-01-29T14:55:30.195Z
-189.5,50.166109260938214,-161.47665653576155,2026-01-29T14:55:30.286Z
-189.5,50.24918707874468,-161.47665653576155,2026-01-29T14:55:30.336Z
-189.5,50.17675927506424,-161.47665653576155,2026-01-29T14:55:30.429Z
-189.5,50.024424088213685,-161.47665653576155,2026-01-29T14:55:30.464Z
-189.5,50.41999998688698,-161.47665653576155,2026-01-29T14:55:30.532Z
-189.5,50.7531999805212,-161.47665653576155,2026-01-29T14:55:30.583Z
-189.5,51.00133597911215,-161.47665653576155,2026-01-29T14:55:30.634Z
-189.5,51.166109260938214,-161.47665653576155,2026-01-29T14:55:30.686Z
-189.5,51.24918707874468,-161.47665653576155,2026-01-29T14:55:30.737Z
-189.5,51.17675927506424,-161.47665653576155,2026-01-29T14:55:30.840Z
-189.5,51.024424088213685,-161.47665653576155,2026-01-29T14:55:30.890Z
-189.5,50.7967356006687,-161.47665653576155,2026-01-29T14:55:30.940Z
-189.5,50.495200877005914,-161.47665653576155,2026-01-29T14:55:30.991Z
-189.5,50.121296840539195,-161.47665653576155,2026-01-29T14:55:31.042Z
-189.5,50,-161.47665653576155,2026-01-29T14:55:31.093Z
-189.5,50.41999998688698,-161.47665653576155,2026-01-29T14:55:31.145Z
-189.5,50.7531999805212,-161.47665653576155,2026-01-29T14:55:31.195Z
-189.5,51.00133597911215,-161.47665653576155,2026-01-29T14:55:31.246Z
-189.5,51.166109260938214,-161.47665653576155,2026-01-29T14:55:31.297Z
-189.5,51.24918707874468,-161.47665653576155,2026-01-29T14:55:31.298Z
-189.5,51.17675927506424,-161.47665653576155,2026-01-29T14:55:31.398Z
-189.5,51.024424088213685,-161.47665653576155,2026-01-29T14:55:31.449Z
-189.5,50.7967356006687,-161.47665653576155,2026-01-29T14:55:31.499Z
-189.5,50.495200877005914,-161.47665653576155,2026-01-29T14:55:31.550Z
-189.5,50.121296840539195,-161.47665653576155,2026-01-29T14:55:31.601Z
-189.5,50,-161.47665653576155,2026-01-29T14:55:31.651Z
-189.5,50.41999998688698,-161.47665653576155,2026-01-29T14:55:31.702Z
-189.5,50.7531999805212,-161.47665653576155,2026-01-29T14:55:31.752Z
-189.5,51.00133597911215,-161.47665653576155,2026-01-29T14:55:31.802Z
-189.5,51.166109260938214,-161.47665653576155,2026-01-29T14:55:31.852Z
-189.5,51.24918707874468,-161.47665653576155,2026-01-29T14:55:31.902Z
-189.5,51.17675927506424,-161.47665653576155,2026-01-29T14:55:32.002Z
-189.5,51.024424088213685,-161.47665653576155,2026-01-29T14:55:32.052Z
-189.5,50.7967356006687,-161.47665653576155,2026-01-29T14:55:32.102Z
-189.5,50.495200877005914,-161.47665653576155,2026-01-29T14:55:32.151Z
-189.5,50.121296840539195,-161.47665653576155,2026-01-29T14:55:32.202Z
-189.5,50,-161.47665653576155,2026-01-29T14:55:32.254Z
-189.5,50.41999998688698,-161.47665653576155,2026-01-29T14:55:32.305Z
-189.5,50.7531999805212,-161.47665653576155,2026-01-29T14:55:32.355Z
-189.5,51.00133597911215,-161.47665653576155,2026-01-29T14:55:32.406Z
-189.5,51.166109260938214,-161.47665653576155,2026-01-29T14:55:32.456Z
-189.5,51.24918707874468,-161.47665653576155,2026-01-29T14:55:32.507Z
-189.5,51.17675927506424,-161.47665653576155,2026-01-29T14:55:32.609Z
-189.5,51.024424088213685,-161.47665653576155,2026-01-29T14:55:32.660Z
-189.5,50.7967356006687,-161.47665653576155,2026-01-29T14:55:32.710Z
-189.5,50.495200877005914,-161.47665653576155,2026-01-29T14:55:32.760Z
-189.5,50.121296840539195,-161.47665653576155,2026-01-29T14:55:32.811Z
-189.5,50,-161.47665653576155,2026-01-29T14:55:32.862Z
-189.5,50.41999998688698,-161.47665653576155,2026-01-29T14:55:32.913Z
-189.5,50.7531999805212,-161.47665653576155,2026-01-29T14:55:32.965Z
-189.5,51.00133597911215,-161.47665653576155,2026-01-29T14:55:33.015Z
-189.5,51.166109260938214,-161.47665653576155,2026-01-29T14:55:33.065Z
-189.5,51.24918707874468,-161.47665653576155,2026-01-29T14:55:33.116Z
-189.5,51.17675927506424,-161.47665653576155,2026-01-29T14:55:33.218Z
-189.5,51.024424088213685,-161.47665653576155,2026-01-29T14:55:33.268Z
-189.5,50.7967356006687,-161.47665653576155,2026-01-29T14:55:33.319Z
-189.5,50.495200877005914,-161.47665653576155,2026-01-29T14:55:33.370Z
-189.5,50.121296840539195,-161.47665653576155,2026-01-29T14:55:33.421Z
-189.5,50,-161.47665653576155,2026-01-29T14:55:33.472Z
-189.5,50.41999998688698,-161.47665653576155,2026-01-29T14:55:33.523Z
-189.5,50.7531999805212,-161.47665653576155,2026-01-29T14:55:33.574Z
-189.5,51.00133597911215,-161.47665653576155,2026-01-29T14:55:33.625Z
-189.5,51.166109260938214,-161.47665653576155,2026-01-29T14:55:33.676Z
-189.5,51.24918707874468,-161.47665653576155,2026-01-29T14:55:33.727Z
-189.5,51.17675927506424,-161.47665653576155,2026-01-29T14:55:33.829Z
-189.5,51.024424088213685,-161.47665653576155,2026-01-29T14:55:33.880Z
-189.5,50.7967356006687,-161.47665653576155,2026-01-29T14:55:33.930Z
-189.5,50.495200877005914,-161.47665653576155,2026-01-29T14:55:33.982Z
-189.5,50.121296840539195,-161.47665653576155,2026-01-29T14:55:34.032Z
-189.5,50,-161.47665653576155,2026-01-29T14:55:34.083Z
-189.5,50.41999998688698,-161.47665653576155,2026-01-29T14:55:34.134Z
-189.5,50.7531999805212,-161.47665653576155,2026-01-29T14:55:34.185Z
-189.5,51.00133597911215,-161.47665653576155,2026-01-29T14:55:34.235Z
-189.5,51.166109260938214,-161.47665653576155,2026-01-29T14:55:34.287Z
-189.5,51.24918707874468,-161.47665653576155,2026-01-29T14:55:34.338Z
-189.5,51.17675927506424,-161.47665653576155,2026-01-29T14:55:34.440Z
-189.5,51.024424088213685,-161.47665653576155,2026-01-29T14:55:34.492Z
-189.5,50.7967356006687,-161.47665653576155,2026-01-29T14:55:34.544Z
-189.5,50.495200877005914,-161.47665653576155,2026-01-29T14:55:34.593Z
-189.5,50.121296840539195,-161.47665653576155,2026-01-29T14:55:34.643Z
-189.5,50,-161.47665653576155,2026-01-29T14:55:34.695Z
-189.5,50.41999998688698,-161.47665653576155,2026-01-29T14:55:34.746Z
-189.5,50.7531999805212,-161.47665653576155,2026-01-29T14:55:34.797Z
-189.5,51.00133597911215,-161.47665653576155,2026-01-29T14:55:34.798Z
-189.5,51.166109260938214,-161.47665653576155,2026-01-29T14:55:34.848Z
-189.5,51.24918707874468,-161.47665653576155,2026-01-29T14:55:34.898Z
-189.5,51.17675927506424,-161.47665653576155,2026-01-29T14:55:35.000Z
-189.5,51.024424088213685,-161.47665653576155,2026-01-29T14:55:35.050Z
-189.5,50.7967356006687,-161.47665653576155,2026-01-29T14:55:35.101Z
-189.5,50.495200877005914,-161.47665653576155,2026-01-29T14:55:35.152Z
-189.5,50.121296840539195,-161.47665653576155,2026-01-29T14:55:35.202Z
-189.5,50,-161.47665653576155,2026-01-29T14:55:35.252Z
-189.5,50.41999998688698,-161.47665653576155,2026-01-29T14:55:35.302Z
-189.5,50.7531999805212,-161.47665653576155,2026-01-29T14:55:35.392Z
-189.5,51.00133597911215,-161.47665653576155,2026-01-29T14:55:35.442Z
-189.5,51.166109260938214,-161.47665653576155,2026-01-29T14:55:35.492Z
-189.5,51.24918707874468,-161.47665653576155,2026-01-29T14:55:35.539Z
-189.5,51.17675927506424,-161.47665653576155,2026-01-29T14:55:35.602Z
-189.5,51.024424088213685,-161.47665653576155,2026-01-29T14:55:35.651Z
-189.5,51.41999998688698,-161.47665653576155,2026-01-29T14:55:35.752Z
-189.5,51.7531999805212,-161.47665653576155,2026-01-29T14:55:35.802Z
-189.5,52.00133597911215,-161.47665653576155,2026-01-29T14:55:35.852Z
-189.5,52.166109260938214,-161.47665653576155,2026-01-29T14:55:35.901Z
-189.5,52.24918707874468,-161.47665653576155,2026-01-29T14:55:35.952Z
-189.5,52.17675927506424,-161.47665653576155,2026-01-29T14:55:36.053Z
-189.5,52.024424088213685,-161.47665653576155,2026-01-29T14:55:36.104Z
-189.5,51.7967356006687,-161.47665653576155,2026-01-29T14:55:36.153Z
-189.5,51.495200877005914,-161.47665653576155,2026-01-29T14:55:36.204Z
-189.5,51.121296840539195,-161.47665653576155,2026-01-29T14:55:36.255Z
-189.5,51,-161.47665653576155,2026-01-29T14:55:36.306Z
-189.5,51.41999998688698,-161.47665653576155,2026-01-29T14:55:36.357Z
-189.5,51.7531999805212,-161.47665653576155,2026-01-29T14:55:36.408Z
-189.5,52.00133597911215,-161.47665653576155,2026-01-29T14:55:36.459Z
-189.5,52.166109260938214,-161.47665653576155,2026-01-29T14:55:36.510Z
-189.5,52.24918707874468,-161.47665653576155,2026-01-29T14:55:36.562Z
-189.5,52.17675927506424,-161.47665653576155,2026-01-29T14:55:36.664Z
-189.5,52.024424088213685,-161.47665653576155,2026-01-29T14:55:36.715Z
-189.5,51.7967356006687,-161.47665653576155,2026-01-29T14:55:36.765Z
-189.5,51.495200877005914,-161.47665653576155,2026-01-29T14:55:36.816Z
-189.5,51.121296840539195,-161.47665653576155,2026-01-29T14:55:36.867Z
-189.5,51,-161.47665653576155,2026-01-29T14:55:36.918Z
-189.5,51.41999998688698,-161.47665653576155,2026-01-29T14:55:36.969Z
-189.5,51.7531999805212,-161.47665653576155,2026-01-29T14:55:37.019Z
-189.5,52.00133597911215,-161.47665653576155,2026-01-29T14:55:37.070Z
-189.5,52.166109260938214,-161.47665653576155,2026-01-29T14:55:37.122Z
-189.5,52.24918707874468,-161.47665653576155,2026-01-29T14:55:37.172Z
-189.5,52.17675927506424,-161.47665653576155,2026-01-29T14:55:37.275Z
-189.5,52.024424088213685,-161.47665653576155,2026-01-29T14:55:37.326Z
-189.5,51.7967356006687,-161.47665653576155,2026-01-29T14:55:37.377Z
-189.5,51.495200877005914,-161.47665653576155,2026-01-29T14:55:37.426Z
-189.5,51.121296840539195,-161.47665653576155,2026-01-29T14:55:37.477Z
-189.5,51,-161.47665653576155,2026-01-29T14:55:37.528Z
-189.5,51.41999998688698,-161.47665653576155,2026-01-29T14:55:37.580Z
-189.5,51.7531999805212,-161.47665653576155,2026-01-29T14:55:37.630Z
-189.5,52.00133597911215,-161.47665653576155,2026-01-29T14:55:37.681Z
-189.5,52.166109260938214,-161.47665653576155,2026-01-29T14:55:37.732Z
-189.5,52.24918707874468,-161.47665653576155,2026-01-29T14:55:37.783Z
-189.5,52.17675927506424,-161.47665653576155,2026-01-29T14:55:37.885Z
-189.5,52.024424088213685,-161.47665653576155,2026-01-29T14:55:37.935Z
-189.5,51.7967356006687,-161.47665653576155,2026-01-29T14:55:37.986Z
-189.5,51.495200877005914,-161.47665653576155,2026-01-29T14:55:38.037Z
-189.5,51.121296840539195,-161.47665653576155,2026-01-29T14:55:38.089Z
-189.5,51,-161.47665653576155,2026-01-29T14:55:38.140Z
-189.5,51.41999998688698,-161.47665653576155,2026-01-29T14:55:38.191Z
-189.5,51.7531999805212,-161.47665653576155,2026-01-29T14:55:38.242Z
-189.5,52.00133597911215,-161.47665653576155,2026-01-29T14:55:38.293Z
-189.5,52.166109260938214,-161.47665653576155,2026-01-29T14:55:38.344Z
-189.5,52.24918707874468,-161.47665653576155,2026-01-29T14:55:38.396Z
-189.5,52.17675927506424,-161.47665653576155,2026-01-29T14:55:38.498Z
-189.5,52.024424088213685,-161.47665653576155,2026-01-29T14:55:38.498Z
-189.5,51.7967356006687,-161.47665653576155,2026-01-29T14:55:38.549Z
-189.5,51.495200877005914,-161.47665653576155,2026-01-29T14:55:38.600Z
-189.5,51.121296840539195,-161.47665653576155,2026-01-29T14:55:38.651Z
-189.5,51,-161.47665653576155,2026-01-29T14:55:38.703Z
-189.5,51.41999998688698,-161.47665653576155,2026-01-29T14:55:38.753Z
-189.5,51.7531999805212,-161.47665653576155,2026-01-29T14:55:38.803Z
-189.5,52.00133597911215,-161.47665653576155,2026-01-29T14:55:38.854Z
-189.5,52.166109260938214,-161.47665653576155,2026-01-29T14:55:38.903Z
-189.5,52.24918707874468,-161.47665653576155,2026-01-29T14:55:38.955Z
-189.5,52.17675927506424,-161.47665653576155,2026-01-29T14:55:39.054Z
-189.5,52.024424088213685,-161.47665653576155,2026-01-29T14:55:39.105Z
-189.5,51.7967356006687,-161.47665653576155,2026-01-29T14:55:39.155Z
-189.5,51.495200877005914,-161.47665653576155,2026-01-29T14:55:39.205Z
-189.5,51.121296840539195,-161.47665653576155,2026-01-29T14:55:39.256Z
-189.5,51,-161.47665653576155,2026-01-29T14:55:39.306Z
-189.5,51.41999998688698,-161.47665653576155,2026-01-29T14:55:39.357Z
-189.5,51.7531999805212,-161.47665653576155,2026-01-29T14:55:39.408Z
-189.5,52.00133597911215,-161.47665653576155,2026-01-29T14:55:39.459Z
-189.5,52.166109260938214,-161.47665653576155,2026-01-29T14:55:39.509Z
-189.5,52.24918707874468,-161.47665653576155,2026-01-29T14:55:39.559Z
-189.5,52.17675927506424,-161.47665653576155,2026-01-29T14:55:39.661Z
-189.5,52.024424088213685,-161.47665653576155,2026-01-29T14:55:39.712Z
-189.5,51.7967356006687,-161.47665653576155,2026-01-29T14:55:39.762Z
-189.5,51.495200877005914,-161.47665653576155,2026-01-29T14:55:39.813Z
-189.5,51.121296840539195,-161.47665653576155,2026-01-29T14:55:39.864Z
-189.5,51,-161.47665653576155,2026-01-29T14:55:39.915Z
-189.5,51.41999998688698,-161.47665653576155,2026-01-29T14:55:39.966Z
-189.5,51.7531999805212,-161.47665653576155,2026-01-29T14:55:40.018Z
-189.5,52.00133597911215,-161.47665653576155,2026-01-29T14:55:40.067Z
-189.5,52.166109260938214,-161.47665653576155,2026-01-29T14:55:40.119Z
-189.5,52.24918707874468,-161.47665653576155,2026-01-29T14:55:40.168Z
-189.5,52.17675927506424,-161.47665653576155,2026-01-29T14:55:40.272Z
-189.5,52.024424088213685,-161.47665653576155,2026-01-29T14:55:40.322Z
-189.5,51.7967356006687,-161.47665653576155,2026-01-29T14:55:40.374Z
-189.5,51.495200877005914,-161.47665653576155,2026-01-29T14:55:40.424Z
-189.5,51.121296840539195,-161.47665653576155,2026-01-29T14:55:40.475Z
-189.5,51,-161.47665653576155,2026-01-29T14:55:40.526Z
-189.5,51.41999998688698,-161.47665653576155,2026-01-29T14:55:40.666Z
-189.5,51.7531999805212,-161.47665653576155,2026-01-29T14:55:40.705Z
-189.5,52.00133597911215,-161.47665653576155,2026-01-29T14:55:40.727Z
-189.5,52.166109260938214,-161.47665653576155,2026-01-29T14:55:40.777Z
-189.5,52.24918707874468,-161.47665653576155,2026-01-29T14:55:40.829Z
-189.5,52.17675927506424,-161.47665653576155,2026-01-29T14:55:40.934Z
-189.5,52.024424088213685,-161.47665653576155,2026-01-29T14:55:40.985Z
-189.5,51.7967356006687,-161.47665653576155,2026-01-29T14:55:41.036Z
-189.5,51.495200877005914,-161.47665653576155,2026-01-29T14:55:41.086Z
-189.5,51.121296840539195,-161.47665653576155,2026-01-29T14:55:41.137Z
-189.5,51,-161.47665653576155,2026-01-29T14:55:41.188Z
-189.5,51.41999998688698,-161.47665653576155,2026-01-29T14:55:41.239Z
-189.5,51.7531999805212,-161.47665653576155,2026-01-29T14:55:41.290Z
-189.5,52.00133597911215,-161.47665653576155,2026-01-29T14:55:41.342Z
-189.5,52.166109260938214,-161.47665653576155,2026-01-29T14:55:41.393Z
-189.5,52.24918707874468,-161.47665653576155,2026-01-29T14:55:41.445Z
-189.5,52.17675927506424,-161.47665653576155,2026-01-29T14:55:41.545Z
-189.5,52.024424088213685,-161.47665653576155,2026-01-29T14:55:41.596Z
-189.5,51.7967356006687,-161.47665653576155,2026-01-29T14:55:41.647Z
-189.5,51.495200877005914,-161.47665653576155,2026-01-29T14:55:41.698Z
-189.5,51.121296840539195,-161.47665653576155,2026-01-29T14:55:41.748Z
-189.5,51,-161.47665653576155,2026-01-29T14:55:41.799Z
-189.5,51.41999998688698,-161.47665653576155,2026-01-29T14:55:41.800Z
-189.5,51.7531999805212,-161.47665653576155,2026-01-29T14:55:41.850Z
-189.5,52.00133597911215,-161.47665653576155,2026-01-29T14:55:41.901Z
-189.5,52.166109260938214,-161.47665653576155,2026-01-29T14:55:41.952Z
-189.5,52.24918707874468,-161.47665653576155,2026-01-29T14:55:42.003Z
-189.5,52.17675927506424,-161.47665653576155,2026-01-29T14:55:42.103Z
-189.5,52.024424088213685,-161.47665653576155,2026-01-29T14:55:42.154Z
-189.5,51.7967356006687,-161.47665653576155,2026-01-29T14:55:42.203Z
-189.5,51.495200877005914,-161.47665653576155,2026-01-29T14:55:42.253Z
-189.5,51.121296840539195,-161.47665653576155,2026-01-29T14:55:42.304Z
-189.5,51,-161.47665653576155,2026-01-29T14:55:42.355Z
-189.5,51.41999998688698,-161.47665653576155,2026-01-29T14:55:42.405Z
-189.5,51.7531999805212,-161.47665653576155,2026-01-29T14:55:42.455Z
-189.5,52.00133597911215,-161.47665653576155,2026-01-29T14:55:42.505Z
-189.5,52.166109260938214,-161.47665653576155,2026-01-29T14:55:42.556Z
-189.5,52.24918707874468,-161.47665653576155,2026-01-29T14:55:42.606Z
-189.5,52.17675927506424,-161.47665653576155,2026-01-29T14:55:42.706Z
-189.5,52.024424088213685,-161.47665653576155,2026-01-29T14:55:42.756Z
-189.5,51.7967356006687,-161.47665653576155,2026-01-29T14:55:42.805Z
-189.5,51.495200877005914,-161.47665653576155,2026-01-29T14:55:42.857Z
-189.5,51.121296840539195,-161.47665653576155,2026-01-29T14:55:42.907Z
-189.5,51,-161.47665653576155,2026-01-29T14:55:42.958Z
-189.5,51.41999998688698,-161.47665653576155,2026-01-29T14:55:43.008Z
-189.5,51.7531999805212,-161.47665653576155,2026-01-29T14:55:43.058Z
-189.5,52.00133597911215,-161.47665653576155,2026-01-29T14:55:43.110Z
-189.5,52.166109260938214,-161.47665653576155,2026-01-29T14:55:43.160Z
-189.5,52.24918707874468,-161.47665653576155,2026-01-29T14:55:43.210Z
-189.5,52.17675927506424,-161.47665653576155,2026-01-29T14:55:43.312Z
-189.5,52.024424088213685,-161.47665653576155,2026-01-29T14:55:43.363Z
-189.5,51.7967356006687,-161.47665653576155,2026-01-29T14:55:43.414Z
-189.5,51.495200877005914,-161.47665653576155,2026-01-29T14:55:43.465Z
-189.5,51.121296840539195,-161.47665653576155,2026-01-29T14:55:43.516Z
-189.5,51,-161.47665653576155,2026-01-29T14:55:43.566Z
-189.5,51.41999998688698,-161.47665653576155,2026-01-29T14:55:43.617Z
-189.5,51.7531999805212,-161.47665653576155,2026-01-29T14:55:43.669Z
-189.5,52.00133597911215,-161.47665653576155,2026-01-29T14:55:43.719Z
-189.5,52.166109260938214,-161.47665653576155,2026-01-29T14:55:43.770Z
-189.5,52.24918707874468,-161.47665653576155,2026-01-29T14:55:43.820Z
-189.5,52.17675927506424,-161.47665653576155,2026-01-29T14:55:43.922Z
-189.5,52.024424088213685,-161.47665653576155,2026-01-29T14:55:43.973Z
-189.5,51.7967356006687,-161.47665653576155,2026-01-29T14:55:44.024Z
-189.5,51.495200877005914,-161.47665653576155,2026-01-29T14:55:44.074Z
-189.5,51.121296840539195,-161.47665653576155,2026-01-29T14:55:44.126Z
-189.5,51,-161.47665653576155,2026-01-29T14:55:44.177Z
-189.5,51.41999998688698,-161.47665653576155,2026-01-29T14:55:44.228Z
-189.5,51.7531999805212,-161.47665653576155,2026-01-29T14:55:44.279Z
-189.5,52.00133597911215,-161.47665653576155,2026-01-29T14:55:44.330Z
-189.5,52.166109260938214,-161.47665653576155,2026-01-29T14:55:44.380Z
-189.5,52.24918707874468,-161.47665653576155,2026-01-29T14:55:44.431Z
-189.5,52.17675927506424,-161.47665653576155,2026-01-29T14:55:44.533Z
-189.5,52.024424088213685,-161.47665653576155,2026-01-29T14:55:44.584Z
-189.5,51.7967356006687,-161.47665653576155,2026-01-29T14:55:44.636Z
-189.5,51.495200877005914,-161.47665653576155,2026-01-29T14:55:44.687Z
-189.5,51.121296840539195,-161.47665653576155,2026-01-29T14:55:44.737Z
-189.5,51,-161.47665653576155,2026-01-29T14:55:44.788Z
-189.5,51.41999998688698,-161.47665653576155,2026-01-29T14:55:44.838Z
-189.5,51.7531999805212,-161.47665653576155,2026-01-29T14:55:44.889Z
-189.5,52.00133597911215,-161.47665653576155,2026-01-29T14:55:44.941Z
-189.5,52.166109260938214,-161.47665653576155,2026-01-29T14:55:44.992Z
-189.5,52.24918707874468,-161.47665653576155,2026-01-29T14:55:45.043Z
-189.5,52.17675927506424,-161.47665653576155,2026-01-29T14:55:45.145Z
-189.5,52.024424088213685,-161.47665653576155,2026-01-29T14:55:45.196Z
-189.5,51.7967356006687,-161.47665653576155,2026-01-29T14:55:45.248Z
-189.5,51.495200877005914,-161.47665653576155,2026-01-29T14:55:45.298Z
-189.5,51.121296840539195,-161.47665653576155,2026-01-29T14:55:45.349Z
-189.5,51,-161.47665653576155,2026-01-29T14:55:45.400Z
-189.5,51.41999998688698,-161.47665653576155,2026-01-29T14:55:45.400Z
-189.5,51.7531999805212,-161.47665653576155,2026-01-29T14:55:45.451Z
-189.5,52.00133597911215,-161.47665653576155,2026-01-29T14:55:45.502Z
-189.5,52.166109260938214,-161.47665653576155,2026-01-29T14:55:45.553Z
-189.5,52.24918707874468,-161.47665653576155,2026-01-29T14:55:45.604Z
-189.5,52.17675927506424,-161.47665653576155,2026-01-29T14:55:45.703Z
-189.5,52.024424088213685,-161.47665653576155,2026-01-29T14:55:45.793Z
-189.5,51.7967356006687,-161.47665653576155,2026-01-29T14:55:45.837Z
-189.5,51.495200877005914,-161.47665653576155,2026-01-29T14:55:45.853Z
-189.5,51.121296840539195,-161.47665653576155,2026-01-29T14:55:45.903Z
-189.5,51,-161.47665653576155,2026-01-29T14:55:45.954Z
-189.5,51.41999998688698,-161.47665653576155,2026-01-29T14:55:46.004Z
-189.5,51.7531999805212,-161.47665653576155,2026-01-29T14:55:46.054Z
-189.5,52.00133597911215,-161.47665653576155,2026-01-29T14:55:46.105Z
-189.5,52.166109260938214,-161.47665653576155,2026-01-29T14:55:46.155Z
-189.5,52.24918707874468,-161.47665653576155,2026-01-29T14:55:46.204Z
-189.5,52.17675927506424,-161.47665653576155,2026-01-29T14:55:46.304Z
-189.5,52.024424088213685,-161.47665653576155,2026-01-29T14:55:46.354Z
-189.5,51.7967356006687,-161.47665653576155,2026-01-29T14:55:46.404Z
-189.5,51.495200877005914,-161.47665653576155,2026-01-29T14:55:46.454Z
-189.5,51.121296840539195,-161.47665653576155,2026-01-29T14:55:46.504Z
-189.5,51,-161.47665653576155,2026-01-29T14:55:46.555Z
-189.5,51.41999998688698,-161.47665653576155,2026-01-29T14:55:46.606Z
-189.5,51.7531999805212,-161.47665653576155,2026-01-29T14:55:46.656Z
-189.5,52.00133597911215,-161.47665653576155,2026-01-29T14:55:46.706Z
-189.5,52.166109260938214,-161.47665653576155,2026-01-29T14:55:46.757Z
-189.5,52.24918707874468,-161.47665653576155,2026-01-29T14:55:46.806Z
-189.5,52.17675927506424,-161.47665653576155,2026-01-29T14:55:46.908Z
-189.5,52.024424088213685,-161.47665653576155,2026-01-29T14:55:46.958Z
-189.5,51.7967356006687,-161.47665653576155,2026-01-29T14:55:47.010Z
-189.5,51.495200877005914,-161.47665653576155,2026-01-29T14:55:47.060Z
-189.5,51.121296840539195,-161.47665653576155,2026-01-29T14:55:47.110Z
-189.5,51,-161.47665653576155,2026-01-29T14:55:47.161Z
-189.5,51.41999998688698,-161.47665653576155,2026-01-29T14:55:47.213Z
-189.5,51.7531999805212,-161.47665653576155,2026-01-29T14:55:47.263Z
-189.5,52.00133597911215,-161.47665653576155,2026-01-29T14:55:47.314Z
-189.5,52.166109260938214,-161.47665653576155,2026-01-29T14:55:47.365Z
-189.5,52.24918707874468,-161.47665653576155,2026-01-29T14:55:47.416Z
-189.5,52.17675927506424,-161.47665653576155,2026-01-29T14:55:47.519Z
-189.5,52.024424088213685,-161.47665653576155,2026-01-29T14:55:47.569Z
-189.5,51.7967356006687,-161.47665653576155,2026-01-29T14:55:47.621Z
-189.5,51.495200877005914,-161.47665653576155,2026-01-29T14:55:47.671Z
-189.5,51.121296840539195,-161.47665653576155,2026-01-29T14:55:47.721Z
-189.5,51,-161.47665653576155,2026-01-29T14:55:47.771Z
-189.5,51.41999998688698,-161.47665653576155,2026-01-29T14:55:47.823Z
-189.5,51.7531999805212,-161.47665653576155,2026-01-29T14:55:47.873Z
-189.5,52.00133597911215,-161.47665653576155,2026-01-29T14:55:47.923Z
-189.5,52.166109260938214,-161.47665653576155,2026-01-29T14:55:47.974Z
-189.5,52.24918707874468,-161.47665653576155,2026-01-29T14:55:48.026Z
-189.5,52.17675927506424,-161.47665653576155,2026-01-29T14:55:48.127Z
-189.5,52.024424088213685,-161.47665653576155,2026-01-29T14:55:48.177Z
-189.5,51.7967356006687,-161.47665653576155,2026-01-29T14:55:48.228Z
-189.5,51.495200877005914,-161.47665653576155,2026-01-29T14:55:48.279Z
-189.5,51.121296840539195,-161.47665653576155,2026-01-29T14:55:48.331Z
-189.5,51,-161.47665653576155,2026-01-29T14:55:48.383Z
-189.5,51.41999998688698,-161.47665653576155,2026-01-29T14:55:48.434Z
-189.5,51.7531999805212,-161.47665653576155,2026-01-29T14:55:48.485Z
-189.5,52.00133597911215,-161.47665653576155,2026-01-29T14:55:48.536Z
-189.5,52.166109260938214,-161.47665653576155,2026-01-29T14:55:48.586Z
-189.5,52.24918707874468,-161.47665653576155,2026-01-29T14:55:48.638Z
-189.5,52.17675927506424,-161.47665653576155,2026-01-29T14:55:48.739Z
-189.5,52.024424088213685,-161.47665653576155,2026-01-29T14:55:48.789Z
-189.5,51.7967356006687,-161.47665653576155,2026-01-29T14:55:48.840Z
-189.5,51.495200877005914,-161.47665653576155,2026-01-29T14:55:48.891Z
-189.5,51.121296840539195,-161.47665653576155,2026-01-29T14:55:48.942Z
-189.5,51,-161.47665653576155,2026-01-29T14:55:48.994Z
-189.5,51.41999998688698,-161.47665653576155,2026-01-29T14:55:49.043Z
-189.5,51.7531999805212,-161.47665653576155,2026-01-29T14:55:49.094Z
-189.5,52.00133597911215,-161.47665653576155,2026-01-29T14:55:49.146Z
-189.5,52.166109260938214,-161.47665653576155,2026-01-29T14:55:49.196Z
-189.5,52.24918707874468,-161.47665653576155,2026-01-29T14:55:49.247Z
-189.5,52.17675927506424,-161.47665653576155,2026-01-29T14:55:49.349Z
-189.5,52.024424088213685,-161.47665653576155,2026-01-29T14:55:49.400Z
-189.5,51.7967356006687,-161.47665653576155,2026-01-29T14:55:49.401Z
-189.5,51.495200877005914,-161.47665653576155,2026-01-29T14:55:49.451Z
-189.5,51.121296840539195,-161.47665653576155,2026-01-29T14:55:49.503Z
-189.5,51,-161.47665653576155,2026-01-29T14:55:49.554Z
-189.5,51.41999998688698,-161.47665653576155,2026-01-29T14:55:49.605Z
-189.5,51.7531999805212,-161.47665653576155,2026-01-29T14:55:49.655Z
-189.5,52.00133597911215,-161.47665653576155,2026-01-29T14:55:49.704Z
-189.5,52.166109260938214,-161.47665653576155,2026-01-29T14:55:49.755Z
-189.5,52.24918707874468,-161.47665653576155,2026-01-29T14:55:49.805Z
-189.5,52.17675927506424,-161.47665653576155,2026-01-29T14:55:49.906Z
-189.5,52.024424088213685,-161.47665653576155,2026-01-29T14:55:49.957Z
-189.5,51.7967356006687,-161.47665653576155,2026-01-29T14:55:50.008Z
-189.5,51.495200877005914,-161.47665653576155,2026-01-29T14:55:50.059Z
-189.5,51.121296840539195,-161.47665653576155,2026-01-29T14:55:50.109Z
-189.5,51,-161.47665653576155,2026-01-29T14:55:50.159Z
-189.5,51.41999998688698,-161.47665653576155,2026-01-29T14:55:50.210Z
-189.5,51.7531999805212,-161.47665653576155,2026-01-29T14:55:50.262Z
-189.5,52.00133597911215,-161.47665653576155,2026-01-29T14:55:50.313Z
-189.5,52.166109260938214,-161.47665653576155,2026-01-29T14:55:50.364Z
-189.5,52.24918707874468,-161.47665653576155,2026-01-29T14:55:50.415Z
-189.5,52.17675927506424,-161.47665653576155,2026-01-29T14:55:50.517Z
-189.5,52.024424088213685,-161.47665653576155,2026-01-29T14:55:50.569Z
-189.5,51.7967356006687,-161.47665653576155,2026-01-29T14:55:50.620Z
-189.5,51.495200877005914,-161.47665653576155,2026-01-29T14:55:50.671Z
-189.5,51.121296840539195,-161.47665653576155,2026-01-29T14:55:50.720Z
-189.5,51,-161.47665653576155,2026-01-29T14:55:50.772Z
-189.5,51.41999998688698,-161.47665653576155,2026-01-29T14:55:50.822Z
-189.5,51.7531999805212,-161.47665653576155,2026-01-29T14:55:50.913Z
-189.5,52.00133597911215,-161.47665653576155,2026-01-29T14:55:50.963Z
-189.5,52.166109260938214,-161.47665653576155,2026-01-29T14:55:51.019Z
-189.47452707247805,52.24918707874468,-161.47725683856953,2026-01-29T14:55:51.042Z
-189.35612635806328,52.17675927506424,-161.4784574441855,2026-01-29T14:55:51.131Z
-189.3,52.024424088213685,-161.4791244328284,2026-01-29T14:55:51.181Z
-189.3,52.41999998688698,-161.48836175565867,2026-01-29T14:55:51.276Z
-189.3,52.7531999805212,-161.4934413805701,2026-01-29T14:55:51.328Z
-189.27452078586322,53.00133597911215,-161.49826395663413,2026-01-29T14:55:51.378Z
-189.22585478831726,53.166109260938214,-161.5027192072602,2026-01-29T14:55:51.429Z
-189.15608881786898,53.2,-161.50670677892217,2026-01-29T14:55:51.480Z
-189.0671231818456,53.121599998474125,-161.51006864807525,2026-01-29T14:55:51.532Z
-188.9606887315552,53,-161.5126610297526,2026-01-29T14:55:51.583Z
-188.73647698851383,53,-161.50932608522695,2026-01-29T14:55:51.647Z
-188.3,53.2,-161.50675471768267,2026-01-29T14:55:51.702Z
-188.3,53.121599998474125,-161.50655460028804,2026-01-29T14:55:51.749Z
-188.3,53,-161.5063544828934,2026-01-29T14:55:51.800Z
-188.3,53.41999998688698,-161.50116145719338,2026-01-29T14:55:52.194Z
-188.3,53.7531999805212,-161.50109475078557,2026-01-29T14:55:52.245Z
-188.27452008731854,54.00133597911215,-161.50102804437776,2026-01-29T14:55:52.296Z
-188.22585345409692,54.166109260938214,-161.50096133796995,2026-01-29T14:55:52.347Z
-188.1560869051838,54.2,-161.50089463156215,2026-01-29T14:55:52.398Z
-188.06711943299138,54.121599998474125,-161.50082792515434,2026-01-29T14:55:52.449Z
-187.96067912061483,54,-161.50076121874653,2026-01-29T14:55:52.500Z
-187.73641882285264,54,-161.50042768657636,2026-01-29T14:55:52.551Z
-187.48657265018213,54,-161.5004276865764,2026-01-29T14:55:52.552Z
-187.22275658981167,54,-161.50042768657642,2026-01-29T14:55:52.601Z
-186.95131297075704,54,-161.50042768657644,2026-01-29T14:55:52.652Z
-186.67570470466086,54,-161.50042768657647,2026-01-29T14:55:52.701Z
-186.67570470466086,54.41999998688698,-161.50042768657647,2026-01-29T14:55:52.802Z
-186.67570470466086,54.7531999805212,-161.50042768657647,2026-01-29T14:55:52.853Z
-186.67570470466086,55.00133597911215,-161.50042768657647,2026-01-29T14:55:52.904Z
-186.67570470466086,55.166109260938214,-161.50042768657647,2026-01-29T14:55:52.955Z
-186.67570470466086,55.24918707874468,-161.50042768657647,2026-01-29T14:55:53.005Z
-186.67570470466086,55.17675927506424,-161.50042768657647,2026-01-29T14:55:53.105Z
-186.67570470466086,55.024424088213685,-161.50042768657647,2026-01-29T14:55:53.156Z
-186.67570470466086,54.7967356006687,-161.50042768657647,2026-01-29T14:55:53.206Z
-186.67570470466086,54.495200877005914,-161.50042768657647,2026-01-29T14:55:53.256Z
-186.67570470466086,54.121296840539195,-161.50042768657647,2026-01-29T14:55:53.306Z
-186.67570470466086,54,-161.50042768657647,2026-01-29T14:55:53.355Z
-186.67570470466086,54.41999998688698,-161.50042768657647,2026-01-29T14:55:53.407Z
-186.67570470466086,54.7531999805212,-161.50042768657647,2026-01-29T14:55:53.457Z
-186.67570470466086,55.00133597911215,-161.50042768657647,2026-01-29T14:55:53.507Z
-186.67570470466086,55.166109260938214,-161.50042768657647,2026-01-29T14:55:53.558Z
-186.67570470466086,55.24918707874468,-161.50042768657647,2026-01-29T14:55:53.608Z
-186.67570470466086,55.17675927506424,-161.50042768657647,2026-01-29T14:55:53.708Z
-186.67570470466086,55.024424088213685,-161.50042768657647,2026-01-29T14:55:53.758Z
-186.67570470466086,54.7967356006687,-161.50042768657647,2026-01-29T14:55:53.808Z
-186.67570470466086,54.495200877005914,-161.50042768657647,2026-01-29T14:55:53.858Z
-186.67570470466086,54.121296840539195,-161.50042768657647,2026-01-29T14:55:53.910Z
-186.67570470466086,54,-161.50042768657647,2026-01-29T14:55:53.960Z
-186.67570470466086,54.41999998688698,-161.50042768657647,2026-01-29T14:55:54.010Z
-186.67570470466086,54.7531999805212,-161.50042768657647,2026-01-29T14:55:54.062Z
-186.67570470466086,55.00133597911215,-161.50042768657647,2026-01-29T14:55:54.111Z
-186.67570470466086,55.166109260938214,-161.50042768657647,2026-01-29T14:55:54.162Z
-186.67570470466086,55.24918707874468,-161.50042768657647,2026-01-29T14:55:54.213Z
-186.67570470466086,55.17675927506424,-161.50042768657647,2026-01-29T14:55:54.315Z
-186.67570470466086,55.024424088213685,-161.50042768657647,2026-01-29T14:55:54.366Z
-186.67570470466086,54.7967356006687,-161.50042768657647,2026-01-29T14:55:54.417Z
-186.67570470466086,54.495200877005914,-161.50042768657647,2026-01-29T14:55:54.466Z
-186.67570470466086,54.121296840539195,-161.50042768657647,2026-01-29T14:55:54.519Z
-186.67570470466086,54,-161.50042768657647,2026-01-29T14:55:54.569Z
-186.67570470466086,54.41999998688698,-161.50042768657647,2026-01-29T14:55:54.620Z
-186.67570470466086,54.7531999805212,-161.50042768657647,2026-01-29T14:55:54.672Z
-186.67570470466086,55.00133597911215,-161.50042768657647,2026-01-29T14:55:54.723Z
-186.67570470466086,55.166109260938214,-161.50042768657647,2026-01-29T14:55:54.774Z
-186.67570470466086,55.24918707874468,-161.50042768657647,2026-01-29T14:55:54.825Z
-186.67570470466086,55.17675927506424,-161.50042768657647,2026-01-29T14:55:54.927Z
-186.67570470466086,55.024424088213685,-161.50042768657647,2026-01-29T14:55:54.978Z
-186.67570470466086,54.7967356006687,-161.50042768657647,2026-01-29T14:55:55.029Z
-186.67570470466086,54.495200877005914,-161.50042768657647,2026-01-29T14:55:55.080Z
-186.67570470466086,54.121296840539195,-161.50042768657647,2026-01-29T14:55:55.132Z
-186.67570470466086,54,-161.50042768657647,2026-01-29T14:55:55.182Z
-186.67570470466086,54.41999998688698,-161.50042768657647,2026-01-29T14:55:55.233Z
-186.67570470466086,54.7531999805212,-161.50042768657647,2026-01-29T14:55:55.283Z
-186.67570470466086,55.00133597911215,-161.50042768657647,2026-01-29T14:55:55.334Z
-186.67570470466086,55.166109260938214,-161.50042768657647,2026-01-29T14:55:55.385Z
-186.67570470466086,55.24918707874468,-161.50042768657647,2026-01-29T14:55:55.435Z
-186.67570470466086,55.17675927506424,-161.50042768657647,2026-01-29T14:55:55.537Z
-186.67570470466086,55.024424088213685,-161.50042768657647,2026-01-29T14:55:55.588Z
-186.67570470466086,54.7967356006687,-161.50042768657647,2026-01-29T14:55:55.638Z
-186.67570470466086,54.495200877005914,-161.50042768657647,2026-01-29T14:55:55.689Z
-186.67570470466086,54.121296840539195,-161.50042768657647,2026-01-29T14:55:55.740Z
-186.67570470466086,54,-161.50042768657647,2026-01-29T14:55:55.792Z
-186.67570470466086,54.41999998688698,-161.50042768657647,2026-01-29T14:55:55.842Z
-186.67570470466086,54.7531999805212,-161.50042768657647,2026-01-29T14:55:55.892Z
-186.67570470466086,55.00133597911215,-161.50042768657647,2026-01-29T14:55:55.944Z
-186.67570470466086,55.166109260938214,-161.50042768657647,2026-01-29T14:55:55.994Z
-186.67570470466086,55.24918707874468,-161.50042768657647,2026-01-29T14:55:56.045Z
-186.67570470466086,55.17675927506424,-161.50042768657647,2026-01-29T14:55:56.147Z
-186.67570470466086,55.024424088213685,-161.50042768657647,2026-01-29T14:55:56.198Z
-186.67570470466086,54.7967356006687,-161.50042768657647,2026-01-29T14:55:56.249Z
-186.67570470466086,54.495200877005914,-161.50042768657647,2026-01-29T14:55:56.300Z
-186.67570470466086,54.121296840539195,-161.50042768657647,2026-01-29T14:55:56.301Z
-186.67570470466086,54,-161.50042768657647,2026-01-29T14:55:56.351Z
-186.67570470466086,54.41999998688698,-161.50042768657647,2026-01-29T14:55:56.403Z
-186.67570470466086,54.7531999805212,-161.50042768657647,2026-01-29T14:55:56.453Z
-186.67570470466086,55.00133597911215,-161.50042768657647,2026-01-29T14:55:56.504Z
-186.67570470466086,55.166109260938214,-161.50042768657647,2026-01-29T14:55:56.554Z
-186.67570470466086,55.24918707874468,-161.50042768657647,2026-01-29T14:55:56.604Z
-186.67570470466086,55.17675927506424,-161.50042768657647,2026-01-29T14:55:56.705Z
-186.67570470466086,55.024424088213685,-161.50042768657647,2026-01-29T14:55:56.755Z
-186.67570470466086,54.7967356006687,-161.50042768657647,2026-01-29T14:55:56.805Z
-186.67570470466086,54.495200877005914,-161.50042768657647,2026-01-29T14:55:56.856Z
-186.67570470466086,54.121296840539195,-161.50042768657647,2026-01-29T14:55:56.907Z
-186.67570470466086,54,-161.50042768657647,2026-01-29T14:55:56.957Z
-186.67570470466086,54.41999998688698,-161.50042768657647,2026-01-29T14:55:57.008Z
-186.67570470466086,54.7531999805212,-161.50042768657647,2026-01-29T14:55:57.058Z
-186.67570470466086,55.00133597911215,-161.50042768657647,2026-01-29T14:55:57.109Z
-186.67570470466086,55.166109260938214,-161.50042768657647,2026-01-29T14:55:57.160Z
-186.67570470466086,55.24918707874468,-161.50042768657647,2026-01-29T14:55:57.210Z
-186.67570470466086,55.17675927506424,-161.50042768657647,2026-01-29T14:55:57.312Z
-186.67570470466086,55.024424088213685,-161.50042768657647,2026-01-29T14:55:57.363Z
-186.67570470466086,54.7967356006687,-161.50042768657647,2026-01-29T14:55:57.414Z
-186.67570470466086,54.495200877005914,-161.50042768657647,2026-01-29T14:55:57.465Z
-186.67570470466086,54.121296840539195,-161.50042768657647,2026-01-29T14:55:57.516Z
-186.67570470466086,54,-161.50042768657647,2026-01-29T14:55:57.567Z
-186.67570470466086,54.41999998688698,-161.50042768657647,2026-01-29T14:55:57.617Z
-186.67570470466086,54.7531999805212,-161.50042768657647,2026-01-29T14:55:57.668Z
-186.67570470466086,55.00133597911215,-161.50042768657647,2026-01-29T14:55:57.719Z
-186.67570470466086,55.166109260938214,-161.50042768657647,2026-01-29T14:55:57.770Z
-186.67570470466086,55.24918707874468,-161.50042768657647,2026-01-29T14:55:57.821Z
-186.67570470466086,55.17675927506424,-161.50042768657647,2026-01-29T14:55:57.932Z
-186.67570470466086,55.024424088213685,-161.50042768657647,2026-01-29T14:55:57.973Z
-186.67570470466086,55.41999998688698,-161.50042768657647,2026-01-29T14:55:58.076Z
-186.67570470466086,55.7531999805212,-161.50042768657647,2026-01-29T14:55:58.127Z
-186.67570470466086,56.00133597911215,-161.50042768657647,2026-01-29T14:55:58.177Z
-186.67570470466086,56.166109260938214,-161.50042768657647,2026-01-29T14:55:58.229Z
-186.67570470466086,56.24918707874468,-161.50042768657647,2026-01-29T14:55:58.280Z
-186.67570470466086,56.17675927506424,-161.50042768657647,2026-01-29T14:55:58.380Z
-186.67570470466086,56.024424088213685,-161.50042768657647,2026-01-29T14:55:58.431Z
-186.67570470466086,55.7967356006687,-161.50042768657647,2026-01-29T14:55:58.482Z
-186.67570470466086,55.495200877005914,-161.50042768657647,2026-01-29T14:55:58.534Z
-186.67570470466086,55.121296840539195,-161.50042768657647,2026-01-29T14:55:58.586Z
-186.67570470466086,55,-161.50042768657647,2026-01-29T14:55:58.636Z
-186.67570470466086,55.41999998688698,-161.50042768657647,2026-01-29T14:55:58.687Z
-186.67570470466086,55.7531999805212,-161.50042768657647,2026-01-29T14:55:58.737Z
-186.67570470466086,56.00133597911215,-161.50042768657647,2026-01-29T14:55:58.788Z
-186.67570470466086,56.166109260938214,-161.50042768657647,2026-01-29T14:55:58.840Z
-186.67570470466086,56.24918707874468,-161.50042768657647,2026-01-29T14:55:58.891Z
-186.67570470466086,56.17675927506424,-161.50042768657647,2026-01-29T14:55:58.994Z
-186.67570470466086,56.024424088213685,-161.50042768657647,2026-01-29T14:55:59.044Z
-186.67570470466086,55.7967356006687,-161.50042768657647,2026-01-29T14:55:59.095Z
-186.67570470466086,55.495200877005914,-161.50042768657647,2026-01-29T14:55:59.146Z
-186.67570470466086,55.121296840539195,-161.50042768657647,2026-01-29T14:55:59.198Z
-186.67570470466086,55,-161.50042768657647,2026-01-29T14:55:59.248Z
-186.67570470466086,55.41999998688698,-161.50042768657647,2026-01-29T14:55:59.299Z
-186.67570470466086,55.7531999805212,-161.50042768657647,2026-01-29T14:55:59.350Z
-186.67570470466086,56.00133597911215,-161.50042768657647,2026-01-29T14:55:59.400Z
-186.67570470466086,56.166109260938214,-161.50042768657647,2026-01-29T14:55:59.451Z
-186.67570470466086,56.24918707874468,-161.50042768657647,2026-01-29T14:55:59.451Z
-186.67570470466086,56.17675927506424,-161.50042768657647,2026-01-29T14:55:59.551Z
-186.67570470466086,56.024424088213685,-161.50042768657647,2026-01-29T14:55:59.602Z
-186.67570470466086,55.7967356006687,-161.50042768657647,2026-01-29T14:55:59.653Z
-186.67570470466086,55.495200877005914,-161.50042768657647,2026-01-29T14:55:59.704Z
-186.67570470466086,55.121296840539195,-161.50042768657647,2026-01-29T14:55:59.756Z
-186.67570470466086,55,-161.50042768657647,2026-01-29T14:55:59.805Z
-186.67570470466086,55.41999998688698,-161.50042768657647,2026-01-29T14:55:59.856Z
-186.67570470466086,55.7531999805212,-161.50042768657647,2026-01-29T14:55:59.905Z
-186.67570470466086,56.00133597911215,-161.50042768657647,2026-01-29T14:55:59.956Z
-186.67570470466086,56.166109260938214,-161.50042768657647,2026-01-29T14:56:00.007Z
-186.67570470466086,56.24918707874468,-161.50042768657647,2026-01-29T14:56:00.058Z
-186.67570470466086,56.17675927506424,-161.50042768657647,2026-01-29T14:56:00.159Z
-186.67570470466086,56.024424088213685,-161.50042768657647,2026-01-29T14:56:00.209Z
-186.67570470466086,55.7967356006687,-161.50042768657647,2026-01-29T14:56:00.260Z
-186.67570470466086,55.495200877005914,-161.50042768657647,2026-01-29T14:56:00.311Z
-186.67570470466086,55.121296840539195,-161.50042768657647,2026-01-29T14:56:00.361Z
-186.67570470466086,55,-161.50042768657647,2026-01-29T14:56:00.412Z
-186.67570470466086,55.41999998688698,-161.50042768657647,2026-01-29T14:56:00.462Z
-186.67570470466086,55.7531999805212,-161.50042768657647,2026-01-29T14:56:00.514Z
-186.67570470466086,56.00133597911215,-161.50042768657647,2026-01-29T14:56:00.565Z
-186.67570470466086,56.166109260938214,-161.50042768657647,2026-01-29T14:56:00.616Z
-186.67570470466086,56.24918707874468,-161.50042768657647,2026-01-29T14:56:00.667Z
-186.67570470466086,56.17675927506424,-161.50042768657647,2026-01-29T14:56:00.769Z
-186.67570470466086,56.024424088213685,-161.50042768657647,2026-01-29T14:56:00.819Z
-186.67570470466086,55.7967356006687,-161.50042768657647,2026-01-29T14:56:00.869Z
-186.67570470466086,55.495200877005914,-161.50042768657647,2026-01-29T14:56:00.920Z
-186.67570470466086,55.121296840539195,-161.50042768657647,2026-01-29T14:56:00.971Z
-186.67570470466086,55,-161.50042768657647,2026-01-29T14:56:01.021Z
-186.67570470466086,55.41999998688698,-161.50042768657647,2026-01-29T14:56:01.073Z
-186.67570470466086,55.7531999805212,-161.50042768657647,2026-01-29T14:56:01.123Z
-186.67570470466086,56.00133597911215,-161.50042768657647,2026-01-29T14:56:01.174Z
-186.67570470466086,56.166109260938214,-161.50042768657647,2026-01-29T14:56:01.225Z
-186.67570470466086,56.24918707874468,-161.50042768657647,2026-01-29T14:56:01.275Z
-186.67570470466086,56.17675927506424,-161.50042768657647,2026-01-29T14:56:01.378Z
-186.67570470466086,56.024424088213685,-161.50042768657647,2026-01-29T14:56:01.429Z
-186.67570470466086,55.7967356006687,-161.50042768657647,2026-01-29T14:56:01.480Z
-186.67570470466086,55.495200877005914,-161.50042768657647,2026-01-29T14:56:01.531Z
-186.67570470466086,55.121296840539195,-161.50042768657647,2026-01-29T14:56:01.581Z
-186.67570470466086,55,-161.50042768657647,2026-01-29T14:56:01.633Z
-186.67570470466086,55.41999998688698,-161.50042768657647,2026-01-29T14:56:01.683Z
-186.67570470466086,55.7531999805212,-161.50042768657647,2026-01-29T14:56:01.734Z
-186.67570470466086,56.00133597911215,-161.50042768657647,2026-01-29T14:56:01.785Z
-186.67570470466086,56.166109260938214,-161.50042768657647,2026-01-29T14:56:01.836Z
-186.67570470466086,56.24918707874468,-161.50042768657647,2026-01-29T14:56:01.886Z
-186.67570470466086,56.17675927506424,-161.50042768657647,2026-01-29T14:56:01.988Z
-186.67570470466086,56.024424088213685,-161.50042768657647,2026-01-29T14:56:02.039Z
-186.67570470466086,55.7967356006687,-161.50042768657647,2026-01-29T14:56:02.090Z
-186.67570470466086,55.495200877005914,-161.50042768657647,2026-01-29T14:56:02.140Z
-186.67570470466086,55.121296840539195,-161.50042768657647,2026-01-29T14:56:02.191Z
-186.67570470466086,55,-161.50042768657647,2026-01-29T14:56:02.242Z
-186.67570470466086,55.41999998688698,-161.50042768657647,2026-01-29T14:56:02.292Z
-186.67570470466086,55.7531999805212,-161.50042768657647,2026-01-29T14:56:02.343Z
-186.67570470466086,56.00133597911215,-161.50042768657647,2026-01-29T14:56:02.395Z
-186.67570470466086,56.166109260938214,-161.50042768657647,2026-01-29T14:56:02.446Z
-186.67570470466086,56.24918707874468,-161.50042768657647,2026-01-29T14:56:02.497Z
-186.67570470466086,56.17675927506424,-161.50042768657647,2026-01-29T14:56:02.600Z
-186.67570470466086,56.024424088213685,-161.50042768657647,2026-01-29T14:56:02.649Z
-186.67570470466086,55.7967356006687,-161.50042768657647,2026-01-29T14:56:02.700Z
-186.67570470466086,55.495200877005914,-161.50042768657647,2026-01-29T14:56:02.751Z
-186.67570470466086,55.121296840539195,-161.50042768657647,2026-01-29T14:56:02.751Z
-186.67570470466086,55,-161.50042768657647,2026-01-29T14:56:02.803Z
-186.67570470466086,55.41999998688698,-161.50042768657647,2026-01-29T14:56:02.854Z
-186.67570470466086,55.7531999805212,-161.50042768657647,2026-01-29T14:56:02.905Z
-186.67570470466086,56.00133597911215,-161.50042768657647,2026-01-29T14:56:02.991Z
-186.67570470466086,56.166109260938214,-161.50042768657647,2026-01-29T14:56:03.004Z
-186.67570470466086,56.24918707874468,-161.50042768657647,2026-01-29T14:56:03.088Z
-186.67570470466086,56.17675927506424,-161.50042768657647,2026-01-29T14:56:03.157Z
-186.67570470466086,56.024424088213685,-161.50042768657647,2026-01-29T14:56:03.207Z
-186.67570470466086,56.41999998688698,-161.50042768657647,2026-01-29T14:56:03.308Z
-186.67570470466086,56.7531999805212,-161.50042768657647,2026-01-29T14:56:03.359Z
-186.67570470466086,57.00133597911215,-161.50042768657647,2026-01-29T14:56:03.409Z
-186.67570470466086,57.166109260938214,-161.50042768657647,2026-01-29T14:56:03.459Z
-186.67570470466086,57.24918707874468,-161.50042768657647,2026-01-29T14:56:03.510Z
-186.67570470466086,57.17675927506424,-161.50042768657647,2026-01-29T14:56:03.613Z
-186.67570470466086,57.024424088213685,-161.50042768657647,2026-01-29T14:56:03.664Z
-186.67570470466086,56.7967356006687,-161.50042768657647,2026-01-29T14:56:03.714Z
-186.67570470466086,56.495200877005914,-161.50042768657647,2026-01-29T14:56:03.766Z
-186.67570470466086,56.121296840539195,-161.50042768657647,2026-01-29T14:56:03.816Z
-186.67570470466086,56,-161.50042768657647,2026-01-29T14:56:03.866Z
-186.67570470466086,56.41999998688698,-161.50042768657647,2026-01-29T14:56:03.916Z
-186.67570470466086,56.7531999805212,-161.50042768657647,2026-01-29T14:56:03.967Z
-186.67570470466086,57.00133597911215,-161.50042768657647,2026-01-29T14:56:04.018Z
-186.67570470466086,57.166109260938214,-161.50042768657647,2026-01-29T14:56:04.069Z
-186.67570470466086,57.24918707874468,-161.50042768657647,2026-01-29T14:56:04.118Z
-186.67570470466086,57.17675927506424,-161.50042768657647,2026-01-29T14:56:04.221Z
-186.67570470466086,57.024424088213685,-161.50042768657647,2026-01-29T14:56:04.272Z
-186.67570470466086,56.7967356006687,-161.50042768657647,2026-01-29T14:56:04.323Z
-186.67570470466086,56.495200877005914,-161.50042768657647,2026-01-29T14:56:04.374Z
-186.67570470466086,56.121296840539195,-161.50042768657647,2026-01-29T14:56:04.424Z
-186.67570470466086,56,-161.50042768657647,2026-01-29T14:56:04.475Z
-186.67570470466086,56.41999998688698,-161.50042768657647,2026-01-29T14:56:04.525Z
-186.67570470466086,56.7531999805212,-161.50042768657647,2026-01-29T14:56:04.577Z
-186.67570470466086,57.00133597911215,-161.50042768657647,2026-01-29T14:56:04.627Z
-186.67570470466086,57.166109260938214,-161.50042768657647,2026-01-29T14:56:04.679Z
-186.67570470466086,57.24918707874468,-161.50042768657647,2026-01-29T14:56:04.730Z
-186.67570470466086,57.17675927506424,-161.50042768657647,2026-01-29T14:56:04.834Z
-186.67570470466086,57.024424088213685,-161.50042768657647,2026-01-29T14:56:04.885Z
-186.67570470466086,56.7967356006687,-161.50042768657647,2026-01-29T14:56:04.935Z
-186.67570470466086,56.495200877005914,-161.50042768657647,2026-01-29T14:56:04.985Z
-186.67570470466086,56.121296840539195,-161.50042768657647,2026-01-29T14:56:05.036Z
-186.67570470466086,56,-161.50042768657647,2026-01-29T14:56:05.086Z
-186.67570470466086,56.41999998688698,-161.50042768657647,2026-01-29T14:56:05.138Z
-186.67570470466086,56.7531999805212,-161.50042768657647,2026-01-29T14:56:05.189Z
-186.67570470466086,57.00133597911215,-161.50042768657647,2026-01-29T14:56:05.238Z
-186.67570470466086,57.166109260938214,-161.50042768657647,2026-01-29T14:56:05.290Z
-186.67570470466086,57.24918707874468,-161.50042768657647,2026-01-29T14:56:05.341Z
-186.67570470466086,57.17675927506424,-161.50042768657647,2026-01-29T14:56:05.443Z
-186.67570470466086,57.024424088213685,-161.50042768657647,2026-01-29T14:56:05.493Z
-186.67570470466086,56.7967356006687,-161.50042768657647,2026-01-29T14:56:05.543Z
-186.67570470466086,56.495200877005914,-161.50042768657647,2026-01-29T14:56:05.593Z
-186.67570470466086,56.121296840539195,-161.50042768657647,2026-01-29T14:56:05.645Z
-186.67570470466086,56,-161.50042768657647,2026-01-29T14:56:05.696Z
-186.67570470466086,56.41999998688698,-161.50042768657647,2026-01-29T14:56:05.745Z
-186.67570470466086,56.7531999805212,-161.50042768657647,2026-01-29T14:56:05.797Z
-186.67570470466086,57.00133597911215,-161.50042768657647,2026-01-29T14:56:05.848Z
-186.67570470466086,57.166109260938214,-161.50042768657647,2026-01-29T14:56:05.899Z
-186.67570470466086,57.24918707874468,-161.50042768657647,2026-01-29T14:56:05.949Z
-186.67570470466086,57.17675927506424,-161.50042768657647,2026-01-29T14:56:06.050Z
-186.67570470466086,57.024424088213685,-161.50042768657647,2026-01-29T14:56:06.101Z
-186.67570470466086,56.7967356006687,-161.50042768657647,2026-01-29T14:56:06.101Z
-186.67570470466086,56.495200877005914,-161.50042768657647,2026-01-29T14:56:06.153Z
-186.67570470466086,56.121296840539195,-161.50042768657647,2026-01-29T14:56:06.202Z
-186.67570470466086,56,-161.50042768657647,2026-01-29T14:56:06.253Z
-186.67570470466086,56.41999998688698,-161.50042768657647,2026-01-29T14:56:06.304Z
-186.67570470466086,56.7531999805212,-161.50042768657647,2026-01-29T14:56:06.355Z
-186.67570470466086,57.00133597911215,-161.50042768657647,2026-01-29T14:56:06.405Z
-186.67570470466086,57.166109260938214,-161.50042768657647,2026-01-29T14:56:06.456Z
-186.67570470466086,57.24918707874468,-161.50042768657647,2026-01-29T14:56:06.507Z
-186.67570470466086,57.17675927506424,-161.50042768657647,2026-01-29T14:56:06.608Z
-186.67570470466086,57.024424088213685,-161.50042768657647,2026-01-29T14:56:06.659Z
-186.67570470466086,56.7967356006687,-161.50042768657647,2026-01-29T14:56:06.710Z
-186.67570470466086,56.495200877005914,-161.50042768657647,2026-01-29T14:56:06.761Z
-186.67570470466086,56.121296840539195,-161.50042768657647,2026-01-29T14:56:06.811Z
-186.67570470466086,56,-161.50042768657647,2026-01-29T14:56:06.862Z
-186.67570470466086,56.41999998688698,-161.50042768657647,2026-01-29T14:56:06.913Z
-186.67570470466086,56.7531999805212,-161.50042768657647,2026-01-29T14:56:06.963Z
-186.67570470466086,57.00133597911215,-161.50042768657647,2026-01-29T14:56:07.014Z
-186.67570470466086,57.166109260938214,-161.50042768657647,2026-01-29T14:56:07.066Z
-186.67570470466086,57.24918707874468,-161.50042768657647,2026-01-29T14:56:07.117Z
-186.67570470466086,57.17675927506424,-161.50042768657647,2026-01-29T14:56:07.219Z
-186.67570470466086,57.024424088213685,-161.50042768657647,2026-01-29T14:56:07.270Z
-186.67570470466086,56.7967356006687,-161.50042768657647,2026-01-29T14:56:07.321Z
-186.67570470466086,56.495200877005914,-161.50042768657647,2026-01-29T14:56:07.371Z
-186.67570470466086,56.121296840539195,-161.50042768657647,2026-01-29T14:56:07.422Z
-186.67570470466086,56,-161.50042768657647,2026-01-29T14:56:07.474Z
-186.67570470466086,56.41999998688698,-161.50042768657647,2026-01-29T14:56:07.525Z
-186.67570470466086,56.7531999805212,-161.50042768657647,2026-01-29T14:56:07.576Z
-186.67570470466086,57.00133597911215,-161.50042768657647,2026-01-29T14:56:07.627Z
-186.67570470466086,57.166109260938214,-161.50042768657647,2026-01-29T14:56:07.678Z
-186.67570470466086,57.24918707874468,-161.50042768657647,2026-01-29T14:56:07.729Z
-186.67570470466086,57.17675927506424,-161.50042768657647,2026-01-29T14:56:07.831Z
-186.67570470466086,57.024424088213685,-161.50042768657647,2026-01-29T14:56:07.882Z
-186.67570470466086,56.7967356006687,-161.50042768657647,2026-01-29T14:56:07.933Z
-186.67570470466086,56.495200877005914,-161.50042768657647,2026-01-29T14:56:07.984Z
-186.67570470466086,56.121296840539195,-161.50042768657647,2026-01-29T14:56:08.069Z
-186.67570470466086,56,-161.50042768657647,2026-01-29T14:56:08.085Z
-186.67570470466086,56.41999998688698,-161.50042768657647,2026-01-29T14:56:08.187Z
-186.67570470466086,56.7531999805212,-161.50042768657647,2026-01-29T14:56:08.239Z
-186.67570470466086,57.00133597911215,-161.50042768657647,2026-01-29T14:56:08.288Z
-186.67570470466086,57.166109260938214,-161.50042768657647,2026-01-29T14:56:08.339Z
-186.67570470466086,57.24918707874468,-161.50042768657647,2026-01-29T14:56:08.391Z
-186.67570470466086,57.17675927506424,-161.50042768657647,2026-01-29T14:56:08.492Z
-186.67570470466086,57.024424088213685,-161.50042768657647,2026-01-29T14:56:08.543Z
-186.67570470466086,56.7967356006687,-161.50042768657647,2026-01-29T14:56:08.594Z
-186.67570470466086,56.495200877005914,-161.50042768657647,2026-01-29T14:56:08.645Z
-186.67570470466086,56.121296840539195,-161.50042768657647,2026-01-29T14:56:08.696Z
-186.67570470466086,56,-161.50042768657647,2026-01-29T14:56:08.747Z
-186.67570470466086,56.41999998688698,-161.50042768657647,2026-01-29T14:56:08.798Z
-186.67570470466086,56.7531999805212,-161.50042768657647,2026-01-29T14:56:08.852Z
-186.67570470466086,57.00133597911215,-161.50042768657647,2026-01-29T14:56:08.852Z
-186.67570470466086,57.166109260938214,-161.50042768657647,2026-01-29T14:56:08.904Z
-186.67570470466086,57.24918707874468,-161.50042768657647,2026-01-29T14:56:08.955Z
-186.67570470466086,57.17675927506424,-161.50042768657647,2026-01-29T14:56:09.055Z
-186.67570470466086,57.024424088213685,-161.50042768657647,2026-01-29T14:56:09.107Z
-186.67570470466086,56.7967356006687,-161.50042768657647,2026-01-29T14:56:09.157Z
-186.67570470466086,56.495200877005914,-161.50042768657647,2026-01-29T14:56:09.207Z
-186.67570470466086,56.121296840539195,-161.50042768657647,2026-01-29T14:56:09.257Z
-186.67570470466086,56,-161.50042768657647,2026-01-29T14:56:09.307Z
-186.67570470466086,56.41999998688698,-161.50042768657647,2026-01-29T14:56:09.359Z
-186.67570470466086,56.7531999805212,-161.50042768657647,2026-01-29T14:56:09.410Z
-186.67570470466086,57.00133597911215,-161.50042768657647,2026-01-29T14:56:09.460Z
-186.67570470466086,57.166109260938214,-161.50042768657647,2026-01-29T14:56:09.511Z
-186.67570470466086,57.24918707874468,-161.50042768657647,2026-01-29T14:56:09.562Z
-186.67570470466086,57.17675927506424,-161.50042768657647,2026-01-29T14:56:09.664Z
-186.67570470466086,57.024424088213685,-161.50042768657647,2026-01-29T14:56:09.715Z
-186.67570470466086,56.7967356006687,-161.50042768657647,2026-01-29T14:56:09.765Z
-186.67570470466086,56.495200877005914,-161.50042768657647,2026-01-29T14:56:09.815Z
-186.67570470466086,56.121296840539195,-161.50042768657647,2026-01-29T14:56:09.865Z
-186.67570470466086,56,-161.50042768657647,2026-01-29T14:56:09.916Z
-186.67570470466086,56.41999998688698,-161.50042768657647,2026-01-29T14:56:09.967Z
-186.67570470466086,56.7531999805212,-161.50042768657647,2026-01-29T14:56:10.017Z
-186.67570470466086,57.00133597911215,-161.50042768657647,2026-01-29T14:56:10.069Z
-186.67570470466086,57.166109260938214,-161.50042768657647,2026-01-29T14:56:10.120Z
-186.67570470466086,57.24918707874468,-161.50042768657647,2026-01-29T14:56:10.172Z
-186.67570470466086,57.17675927506424,-161.50042768657647,2026-01-29T14:56:10.272Z
-186.67570470466086,57.024424088213685,-161.50042768657647,2026-01-29T14:56:10.323Z
-186.67570470466086,56.7967356006687,-161.50042768657647,2026-01-29T14:56:10.375Z
-186.67570470466086,56.495200877005914,-161.50042768657647,2026-01-29T14:56:10.426Z
-186.67570470466086,56.121296840539195,-161.50042768657647,2026-01-29T14:56:10.476Z
-186.67570470466086,56,-161.50042768657647,2026-01-29T14:56:10.527Z
-186.67570470466086,56.41999998688698,-161.50042768657647,2026-01-29T14:56:10.578Z
-186.67570470466086,56.7531999805212,-161.50042768657647,2026-01-29T14:56:10.629Z
-186.67570470466086,57.00133597911215,-161.50042768657647,2026-01-29T14:56:10.680Z
-186.67570470466086,57.166109260938214,-161.50042768657647,2026-01-29T14:56:10.730Z
-186.67570470466086,57.24918707874468,-161.50042768657647,2026-01-29T14:56:10.780Z
-186.67570470466086,57.17675927506424,-161.50042768657647,2026-01-29T14:56:10.882Z
-186.67570470466086,57.024424088213685,-161.50042768657647,2026-01-29T14:56:10.933Z
-186.67570470466086,56.7967356006687,-161.50042768657647,2026-01-29T14:56:10.984Z
-186.67570470466086,56.495200877005914,-161.50042768657647,2026-01-29T14:56:11.034Z
-186.67570470466086,56.121296840539195,-161.50042768657647,2026-01-29T14:56:11.086Z
-186.67570470466086,56,-161.50042768657647,2026-01-29T14:56:11.137Z
-186.67570470466086,56.41999998688698,-161.50042768657647,2026-01-29T14:56:11.188Z
-186.67570470466086,56.7531999805212,-161.50042768657647,2026-01-29T14:56:11.238Z
-186.67570470466086,57.00133597911215,-161.50042768657647,2026-01-29T14:56:11.289Z
-186.67570470466086,57.166109260938214,-161.50042768657647,2026-01-29T14:56:11.340Z
-186.67570470466086,57.24918707874468,-161.50042768657647,2026-01-29T14:56:11.391Z
-186.67570470466086,57.17675927506424,-161.50042768657647,2026-01-29T14:56:11.493Z
-186.67570470466086,57.024424088213685,-161.50042768657647,2026-01-29T14:56:11.544Z
-186.67570470466086,56.7967356006687,-161.50042768657647,2026-01-29T14:56:11.595Z
-186.67570470466086,56.495200877005914,-161.50042768657647,2026-01-29T14:56:11.646Z
-186.67570470466086,56.121296840539195,-161.50042768657647,2026-01-29T14:56:11.697Z
-186.67570470466086,56,-161.50042768657647,2026-01-29T14:56:11.748Z
-186.67570470466086,56.41999998688698,-161.50042768657647,2026-01-29T14:56:11.799Z
-186.67570470466086,56.7531999805212,-161.50042768657647,2026-01-29T14:56:11.850Z
-186.67570470466086,57.00133597911215,-161.50042768657647,2026-01-29T14:56:11.902Z
-186.67570470466086,57.166109260938214,-161.50042768657647,2026-01-29T14:56:11.902Z
-186.67570470466086,57.24918707874468,-161.50042768657647,2026-01-29T14:56:11.951Z
-186.67570470466086,57.17675927506424,-161.50042768657647,2026-01-29T14:56:12.053Z
-186.67570470466086,57.024424088213685,-161.50042768657647,2026-01-29T14:56:12.104Z
-186.67570470466086,56.7967356006687,-161.50042768657647,2026-01-29T14:56:12.155Z
-186.67570470466086,56.495200877005914,-161.50042768657647,2026-01-29T14:56:12.205Z
-186.67570470466086,56.121296840539195,-161.50042768657647,2026-01-29T14:56:12.255Z
-186.67570470466086,56,-161.50042768657647,2026-01-29T14:56:12.305Z
-186.67570470466086,56.41999998688698,-161.50042768657647,2026-01-29T14:56:12.356Z
-186.67570470466086,56.7531999805212,-161.50042768657647,2026-01-29T14:56:12.406Z
-186.67570470466086,57.00133597911215,-161.50042768657647,2026-01-29T14:56:12.457Z
-186.67570470466086,57.166109260938214,-161.50042768657647,2026-01-29T14:56:12.508Z
-186.67570470466086,57.24918707874468,-161.50042768657647,2026-01-29T14:56:12.558Z
-186.67570470466086,57.17675927506424,-161.50042768657647,2026-01-29T14:56:12.660Z
-186.67570470466086,57.024424088213685,-161.50042768657647,2026-01-29T14:56:12.711Z
-186.67570470466086,56.7967356006687,-161.50042768657647,2026-01-29T14:56:12.762Z
-186.67570470466086,56.495200877005914,-161.50042768657647,2026-01-29T14:56:12.813Z
-186.67570470466086,56.121296840539195,-161.50042768657647,2026-01-29T14:56:12.864Z
-186.67570470466086,56,-161.50042768657647,2026-01-29T14:56:12.915Z
-186.67570470466086,56.41999998688698,-161.50042768657647,2026-01-29T14:56:12.965Z
-186.67570470466086,56.7531999805212,-161.50042768657647,2026-01-29T14:56:13.016Z
-186.67570470466086,57.00133597911215,-161.50042768657647,2026-01-29T14:56:13.067Z
-186.67570470466086,57.166109260938214,-161.50042768657647,2026-01-29T14:56:13.149Z
-186.67570470466086,57.24918707874468,-161.50042768657647,2026-01-29T14:56:13.168Z
-186.67570470466086,57.17675927506424,-161.50042768657647,2026-01-29T14:56:13.284Z
-186.67570470466086,57.024424088213685,-161.50042768657647,2026-01-29T14:56:13.334Z
-186.67570470466086,57.41999998688698,-161.50042768657647,2026-01-29T14:56:13.435Z
-186.67570470466086,57.7531999805212,-161.50042768657647,2026-01-29T14:56:13.487Z
-186.67570470466086,58.00133597911215,-161.50042768657647,2026-01-29T14:56:13.536Z
-186.67570470466086,58.166109260938214,-161.50042768657647,2026-01-29T14:56:13.587Z
-186.67570470466086,58.24918707874468,-161.50042768657647,2026-01-29T14:56:13.638Z
-186.67570470466086,58.17675927506424,-161.50042768657647,2026-01-29T14:56:13.740Z
-186.67570470466086,58.024424088213685,-161.50042768657647,2026-01-29T14:56:13.790Z
-186.67570470466086,57.7967356006687,-161.50042768657647,2026-01-29T14:56:13.843Z
-186.67570470466086,57.495200877005914,-161.50042768657647,2026-01-29T14:56:13.893Z
-186.67570470466086,57.121296840539195,-161.50042768657647,2026-01-29T14:56:13.944Z
-186.67570470466086,57,-161.50042768657647,2026-01-29T14:56:13.996Z
-186.67570470466086,57.41999998688698,-161.50042768657647,2026-01-29T14:56:14.045Z
-186.67570470466086,57.7531999805212,-161.50042768657647,2026-01-29T14:56:14.096Z
-186.67570470466086,58.00133597911215,-161.50042768657647,2026-01-29T14:56:14.147Z
-186.67570470466086,58.166109260938214,-161.50042768657647,2026-01-29T14:56:14.197Z
-186.67570470466086,58.24918707874468,-161.50042768657647,2026-01-29T14:56:14.248Z
-186.67570470466086,58.17675927506424,-161.50042768657647,2026-01-29T14:56:14.349Z
-186.67570470466086,58.024424088213685,-161.50042768657647,2026-01-29T14:56:14.400Z
-186.67570470466086,57.7967356006687,-161.50042768657647,2026-01-29T14:56:14.451Z
-186.67570470466086,57.495200877005914,-161.50042768657647,2026-01-29T14:56:14.502Z
-186.67570470466086,57.121296840539195,-161.50042768657647,2026-01-29T14:56:14.503Z
-186.67570470466086,57,-161.50042768657647,2026-01-29T14:56:14.554Z
-186.67570470466086,57.41999998688698,-161.50042768657647,2026-01-29T14:56:14.603Z
-186.67570470466086,57.7531999805212,-161.50042768657647,2026-01-29T14:56:14.655Z
-186.67570470466086,58.00133597911215,-161.50042768657647,2026-01-29T14:56:14.705Z
-186.67570470466086,58.166109260938214,-161.50042768657647,2026-01-29T14:56:14.756Z
-186.67570470466086,58.24918707874468,-161.50042768657647,2026-01-29T14:56:14.806Z
-186.67570470466086,58.17675927506424,-161.50042768657647,2026-01-29T14:56:14.907Z
-186.67570470466086,58.024424088213685,-161.50042768657647,2026-01-29T14:56:14.958Z
-186.67570470466086,57.7967356006687,-161.50042768657647,2026-01-29T14:56:15.009Z
-186.67570470466086,57.495200877005914,-161.50042768657647,2026-01-29T14:56:15.060Z
-186.67570470466086,57.121296840539195,-161.50042768657647,2026-01-29T14:56:15.110Z
-186.67570470466086,57,-161.50042768657647,2026-01-29T14:56:15.161Z
-186.67570470466086,57.41999998688698,-161.50042768657647,2026-01-29T14:56:15.212Z
-186.67570470466086,57.7531999805212,-161.50042768657647,2026-01-29T14:56:15.263Z
-186.67570470466086,58.00133597911215,-161.50042768657647,2026-01-29T14:56:15.313Z
-186.67570470466086,58.166109260938214,-161.50042768657647,2026-01-29T14:56:15.365Z
-186.67570470466086,58.24918707874468,-161.50042768657647,2026-01-29T14:56:15.415Z
-186.67570470466086,58.17675927506424,-161.50042768657647,2026-01-29T14:56:15.517Z
-186.67570470466086,58.024424088213685,-161.50042768657647,2026-01-29T14:56:15.568Z
-186.67570470466086,57.7967356006687,-161.50042768657647,2026-01-29T14:56:15.619Z
-186.67570470466086,57.495200877005914,-161.50042768657647,2026-01-29T14:56:15.670Z
-186.67570470466086,57.121296840539195,-161.50042768657647,2026-01-29T14:56:15.721Z
-186.67570470466086,57,-161.50042768657647,2026-01-29T14:56:15.772Z
-186.67570470466086,57.41999998688698,-161.50042768657647,2026-01-29T14:56:15.823Z
-186.67570470466086,57.7531999805212,-161.50042768657647,2026-01-29T14:56:15.874Z
-186.67570470466086,58.00133597911215,-161.50042768657647,2026-01-29T14:56:15.926Z
-186.67570470466086,58.166109260938214,-161.50042768657647,2026-01-29T14:56:15.976Z
-186.67570470466086,58.24918707874468,-161.50042768657647,2026-01-29T14:56:16.026Z
-186.67570470466086,58.17675927506424,-161.50042768657647,2026-01-29T14:56:16.128Z
-186.67570470466086,58.024424088213685,-161.50042768657647,2026-01-29T14:56:16.180Z
-186.67570470466086,57.7967356006687,-161.50042768657647,2026-01-29T14:56:16.231Z
-186.67570470466086,57.495200877005914,-161.50042768657647,2026-01-29T14:56:16.282Z
-186.67570470466086,57.121296840539195,-161.50042768657647,2026-01-29T14:56:16.333Z
-186.67570470466086,57,-161.50042768657647,2026-01-29T14:56:16.384Z
-186.67570470466086,57.41999998688698,-161.50042768657647,2026-01-29T14:56:16.435Z
-186.67570470466086,57.7531999805212,-161.50042768657647,2026-01-29T14:56:16.486Z
-186.67570470466086,58.00133597911215,-161.50042768657647,2026-01-29T14:56:16.537Z
-186.67570470466086,58.166109260938214,-161.50042768657647,2026-01-29T14:56:16.588Z
-186.67570470466086,58.24918707874468,-161.50042768657647,2026-01-29T14:56:16.639Z
-186.67570470466086,58.17675927506424,-161.50042768657647,2026-01-29T14:56:16.740Z
-186.67570470466086,58.024424088213685,-161.50042768657647,2026-01-29T14:56:16.792Z
-186.67570470466086,57.7967356006687,-161.50042768657647,2026-01-29T14:56:16.843Z
-186.67570470466086,57.495200877005914,-161.50042768657647,2026-01-29T14:56:16.894Z
-186.67570470466086,57.121296840539195,-161.50042768657647,2026-01-29T14:56:16.945Z
-186.67570470466086,57,-161.50042768657647,2026-01-29T14:56:16.996Z
-186.67570470466086,57.41999998688698,-161.50042768657647,2026-01-29T14:56:17.048Z
-186.67570470466086,57.7531999805212,-161.50042768657647,2026-01-29T14:56:17.099Z
-186.67570470466086,58.00133597911215,-161.50042768657647,2026-01-29T14:56:17.150Z
-186.67570470466086,58.166109260938214,-161.50042768657647,2026-01-29T14:56:17.202Z
-186.67570470466086,58.24918707874468,-161.50042768657647,2026-01-29T14:56:17.202Z
-186.67570470466086,58.17675927506424,-161.50042768657647,2026-01-29T14:56:17.303Z
-186.67570470466086,58.024424088213685,-161.50042768657647,2026-01-29T14:56:17.355Z
-186.67570470466086,57.7967356006687,-161.50042768657647,2026-01-29T14:56:17.406Z
-186.67570470466086,57.495200877005914,-161.50042768657647,2026-01-29T14:56:17.457Z
-186.67570470466086,57.121296840539195,-161.50042768657647,2026-01-29T14:56:17.508Z
-186.67570470466086,57,-161.50042768657647,2026-01-29T14:56:17.559Z
-186.67570470466086,57.41999998688698,-161.50042768657647,2026-01-29T14:56:17.611Z
-186.67570470466086,57.7531999805212,-161.50042768657647,2026-01-29T14:56:17.661Z
-186.67570470466086,58.00133597911215,-161.50042768657647,2026-01-29T14:56:17.712Z
-186.67570470466086,58.166109260938214,-161.50042768657647,2026-01-29T14:56:17.762Z
-186.67570470466086,58.24918707874468,-161.50042768657647,2026-01-29T14:56:17.813Z
-186.67570470466086,58.17675927506424,-161.50042768657647,2026-01-29T14:56:17.915Z
-186.67570470466086,58.024424088213685,-161.50042768657647,2026-01-29T14:56:17.966Z
-186.67570470466086,57.7967356006687,-161.50042768657647,2026-01-29T14:56:18.017Z
-186.67570470466086,57.495200877005914,-161.50042768657647,2026-01-29T14:56:18.068Z
-186.67570470466086,57.121296840539195,-161.50042768657647,2026-01-29T14:56:18.119Z
-186.67570470466086,57,-161.50042768657647,2026-01-29T14:56:18.170Z
-186.67570470466086,57.41999998688698,-161.50042768657647,2026-01-29T14:56:18.271Z
-186.67570470466086,57.7531999805212,-161.50042768657647,2026-01-29T14:56:18.349Z
-186.67570470466086,58.00133597911215,-161.50042768657647,2026-01-29T14:56:18.371Z
-186.67570470466086,58.166109260938214,-161.50042768657647,2026-01-29T14:56:18.450Z
-186.67570470466086,58.24918707874468,-161.50042768657647,2026-01-29T14:56:18.473Z
-186.67570470466086,58.17675927506424,-161.50042768657647,2026-01-29T14:56:18.574Z
-186.67570470466086,58.024424088213685,-161.50042768657647,2026-01-29T14:56:18.625Z
-186.67570470466086,58.41999998688698,-161.50042768657647,2026-01-29T14:56:18.726Z
-186.67570470466086,58.7531999805212,-161.50042768657647,2026-01-29T14:56:18.777Z
-186.67570470466086,59.00133597911215,-161.50042768657647,2026-01-29T14:56:18.829Z
-186.67570470466086,59.166109260938214,-161.50042768657647,2026-01-29T14:56:18.879Z
-186.67570470466086,59.24918707874468,-161.50042768657647,2026-01-29T14:56:18.930Z
-186.67570470466086,59.17675927506424,-161.50042768657647,2026-01-29T14:56:19.033Z
-186.67570470466086,59.024424088213685,-161.50042768657647,2026-01-29T14:56:19.084Z
-186.67570470466086,58.7967356006687,-161.50042768657647,2026-01-29T14:56:19.135Z
-186.67570470466086,58.495200877005914,-161.50042768657647,2026-01-29T14:56:19.186Z
-186.67570470466086,58.121296840539195,-161.50042768657647,2026-01-29T14:56:19.238Z
-186.67570470466086,58,-161.50042768657647,2026-01-29T14:56:19.289Z
-186.67570470466086,58.41999998688698,-161.50042768657647,2026-01-29T14:56:19.341Z
-186.67570470466086,58.7531999805212,-161.50042768657647,2026-01-29T14:56:19.392Z
-186.67570470466086,59.00133597911215,-161.50042768657647,2026-01-29T14:56:19.443Z
-186.67570470466086,59.166109260938214,-161.50042768657647,2026-01-29T14:56:19.493Z
-186.67570470466086,59.24918707874468,-161.50042768657647,2026-01-29T14:56:19.544Z
-186.67570470466086,59.17675927506424,-161.50042768657647,2026-01-29T14:56:19.647Z
-186.67570470466086,59.024424088213685,-161.50042768657647,2026-01-29T14:56:19.698Z
-186.67570470466086,58.7967356006687,-161.50042768657647,2026-01-29T14:56:19.750Z
-186.67570470466086,58.495200877005914,-161.50042768657647,2026-01-29T14:56:19.801Z
-186.67570470466086,58.121296840539195,-161.50042768657647,2026-01-29T14:56:19.851Z
-186.67570470466086,58,-161.50042768657647,2026-01-29T14:56:19.901Z
-186.67570470466086,58.41999998688698,-161.50042768657647,2026-01-29T14:56:19.902Z
-186.67570470466086,58.7531999805212,-161.50042768657647,2026-01-29T14:56:19.952Z
-186.67570470466086,59.00133597911215,-161.50042768657647,2026-01-29T14:56:20.003Z
-186.67570470466086,59.166109260938214,-161.50042768657647,2026-01-29T14:56:20.054Z
-186.67570470466086,59.24918707874468,-161.50042768657647,2026-01-29T14:56:20.105Z
-186.67570470466086,59.17675927506424,-161.50042768657647,2026-01-29T14:56:20.206Z
-186.67570470466086,59.024424088213685,-161.50042768657647,2026-01-29T14:56:20.256Z
-186.67570470466086,58.7967356006687,-161.50042768657647,2026-01-29T14:56:20.307Z
-186.67570470466086,58.495200877005914,-161.50042768657647,2026-01-29T14:56:20.357Z
-186.67570470466086,58.121296840539195,-161.50042768657647,2026-01-29T14:56:20.407Z
-186.67570470466086,58,-161.50042768657647,2026-01-29T14:56:20.459Z
-186.67570470466086,58.41999998688698,-161.50042768657647,2026-01-29T14:56:20.508Z
-186.67570470466086,58.7531999805212,-161.50042768657647,2026-01-29T14:56:20.559Z
-186.67570470466086,59.00133597911215,-161.50042768657647,2026-01-29T14:56:20.609Z
-186.67570470466086,59.166109260938214,-161.50042768657647,2026-01-29T14:56:20.660Z
-186.67570470466086,59.24918707874468,-161.50042768657647,2026-01-29T14:56:20.710Z
-186.67570470466086,59.17675927506424,-161.50042768657647,2026-01-29T14:56:20.812Z
-186.67570470466086,59.024424088213685,-161.50042768657647,2026-01-29T14:56:20.862Z
-186.67570470466086,58.7967356006687,-161.50042768657647,2026-01-29T14:56:20.913Z
-186.67570470466086,58.495200877005914,-161.50042768657647,2026-01-29T14:56:20.965Z
-186.67570470466086,58.121296840539195,-161.50042768657647,2026-01-29T14:56:21.015Z
-186.67570470466086,58,-161.50042768657647,2026-01-29T14:56:21.066Z
-186.67570470466086,58.41999998688698,-161.50042768657647,2026-01-29T14:56:21.118Z
-186.67570470466086,58.7531999805212,-161.50042768657647,2026-01-29T14:56:21.168Z
-186.67570470466086,59.00133597911215,-161.50042768657647,2026-01-29T14:56:21.220Z
-186.67570470466086,59.166109260938214,-161.50042768657647,2026-01-29T14:56:21.270Z
-186.67570470466086,59.24918707874468,-161.50042768657647,2026-01-29T14:56:21.321Z
-186.67570470466086,59.17675927506424,-161.50042768657647,2026-01-29T14:56:21.423Z
-186.67570470466086,59.024424088213685,-161.50042768657647,2026-01-29T14:56:21.474Z
-186.67570470466086,58.7967356006687,-161.50042768657647,2026-01-29T14:56:21.525Z
-186.67570470466086,58.495200877005914,-161.50042768657647,2026-01-29T14:56:21.576Z
-186.67570470466086,58.121296840539195,-161.50042768657647,2026-01-29T14:56:21.627Z
-186.67570470466086,58,-161.50042768657647,2026-01-29T14:56:21.679Z
-186.67570470466086,58.41999998688698,-161.50042768657647,2026-01-29T14:56:21.729Z
-186.67570470466086,58.7531999805212,-161.50042768657647,2026-01-29T14:56:21.780Z
-186.67570470466086,59.00133597911215,-161.50042768657647,2026-01-29T14:56:21.831Z
-186.67570470466086,59.166109260938214,-161.50042768657647,2026-01-29T14:56:21.882Z
-186.67570470466086,59.24918707874468,-161.50042768657647,2026-01-29T14:56:21.934Z
-186.67570470466086,59.17675927506424,-161.50042768657647,2026-01-29T14:56:22.035Z
-186.67570470466086,59.024424088213685,-161.50042768657647,2026-01-29T14:56:22.086Z
-186.67570470466086,58.7967356006687,-161.50042768657647,2026-01-29T14:56:22.137Z
-186.67570470466086,58.495200877005914,-161.50042768657647,2026-01-29T14:56:22.188Z
-186.67570470466086,58.121296840539195,-161.50042768657647,2026-01-29T14:56:22.239Z
-186.67570470466086,58,-161.50042768657647,2026-01-29T14:56:22.289Z
-186.67570470466086,58.41999998688698,-161.50042768657647,2026-01-29T14:56:22.340Z
-186.67570470466086,58.7531999805212,-161.50042768657647,2026-01-29T14:56:22.391Z
-186.67570470466086,59.00133597911215,-161.50042768657647,2026-01-29T14:56:22.443Z
-186.67570470466086,59.166109260938214,-161.50042768657647,2026-01-29T14:56:22.494Z
-186.67570470466086,59.24918707874468,-161.50042768657647,2026-01-29T14:56:22.545Z
-186.67570470466086,59.17675927506424,-161.50042768657647,2026-01-29T14:56:22.647Z
-186.67570470466086,59.024424088213685,-161.50042768657647,2026-01-29T14:56:22.698Z
-186.67570470466086,58.7967356006687,-161.50042768657647,2026-01-29T14:56:22.748Z
-186.67570470466086,58.495200877005914,-161.50042768657647,2026-01-29T14:56:22.800Z
-186.67570470466086,58.121296840539195,-161.50042768657647,2026-01-29T14:56:22.851Z
-186.67570470466086,58,-161.50042768657647,2026-01-29T14:56:22.902Z
-186.67570470466086,58.41999998688698,-161.50042768657647,2026-01-29T14:56:22.903Z
-186.67570470466086,58.7531999805212,-161.50042768657647,2026-01-29T14:56:22.954Z
-186.67570470466086,59.00133597911215,-161.50042768657647,2026-01-29T14:56:23.004Z
-186.67570470466086,59.166109260938214,-161.50042768657647,2026-01-29T14:56:23.055Z
-186.67570470466086,59.24918707874468,-161.50042768657647,2026-01-29T14:56:23.105Z
-186.67570470466086,59.17675927506424,-161.50042768657647,2026-01-29T14:56:23.205Z
-186.67570470466086,59.024424088213685,-161.50042768657647,2026-01-29T14:56:23.256Z
-186.67570470466086,58.7967356006687,-161.50042768657647,2026-01-29T14:56:23.306Z
-186.67570470466086,58.495200877005914,-161.50042768657647,2026-01-29T14:56:23.355Z
-186.67570470466086,58.121296840539195,-161.50042768657647,2026-01-29T14:56:23.405Z
-186.67570470466086,58,-161.50042768657647,2026-01-29T14:56:23.455Z
-186.67570470466086,58.41999998688698,-161.50042768657647,2026-01-29T14:56:23.555Z
-186.67570470466086,58.7531999805212,-161.50042768657647,2026-01-29T14:56:23.606Z
-186.67570470466086,59.00133597911215,-161.50042768657647,2026-01-29T14:56:23.656Z
-186.67570470466086,59.166109260938214,-161.50042768657647,2026-01-29T14:56:23.705Z
-186.67570470466086,59.24918707874468,-161.50042768657647,2026-01-29T14:56:23.755Z
-186.67570470466086,59.17675927506424,-161.50042768657647,2026-01-29T14:56:23.856Z
-186.67570470466086,59.024424088213685,-161.50042768657647,2026-01-29T14:56:23.906Z
-186.67570470466086,58.7967356006687,-161.50042768657647,2026-01-29T14:56:23.957Z
-186.67570470466086,58.495200877005914,-161.50042768657647,2026-01-29T14:56:24.006Z
-186.67570470466086,58.121296840539195,-161.50042768657647,2026-01-29T14:56:24.056Z
-186.67570470466086,58,-161.50042768657647,2026-01-29T14:56:24.106Z
-186.67570470466086,58.41999998688698,-161.50042768657647,2026-01-29T14:56:24.156Z
-186.67570470466086,58.7531999805212,-161.50042768657647,2026-01-29T14:56:24.207Z
-186.67570470466086,59.00133597911215,-161.50042768657647,2026-01-29T14:56:24.257Z
-186.67570470466086,59.166109260938214,-161.50042768657647,2026-01-29T14:56:24.308Z
-186.67570470466086,59.24918707874468,-161.50042768657647,2026-01-29T14:56:24.358Z
-186.67570470466086,59.17675927506424,-161.50042768657647,2026-01-29T14:56:24.459Z
-186.67570470466086,59.024424088213685,-161.50042768657647,2026-01-29T14:56:24.509Z
-186.67570470466086,58.7967356006687,-161.50042768657647,2026-01-29T14:56:24.560Z
-186.67570470466086,58.495200877005914,-161.50042768657647,2026-01-29T14:56:24.611Z
-186.67570470466086,58.121296840539195,-161.50042768657647,2026-01-29T14:56:24.662Z
-186.67570470466086,58,-161.50042768657647,2026-01-29T14:56:24.712Z
-186.67570470466086,58.41999998688698,-161.50042768657647,2026-01-29T14:56:24.763Z
-186.67570470466086,58.7531999805212,-161.50042768657647,2026-01-29T14:56:24.814Z
-186.67570470466086,59.00133597911215,-161.50042768657647,2026-01-29T14:56:24.866Z
-186.67570470466086,59.166109260938214,-161.50042768657647,2026-01-29T14:56:24.915Z
-186.67570470466086,59.24918707874468,-161.50042768657647,2026-01-29T14:56:24.965Z
-186.67570470466086,59.17675927506424,-161.50042768657647,2026-01-29T14:56:25.066Z
-186.67570470466086,59.024424088213685,-161.50042768657647,2026-01-29T14:56:25.118Z
-186.67570470466086,58.7967356006687,-161.50042768657647,2026-01-29T14:56:25.169Z
-186.67570470466086,58.495200877005914,-161.50042768657647,2026-01-29T14:56:25.221Z
-186.67570470466086,58.121296840539195,-161.50042768657647,2026-01-29T14:56:25.272Z
-186.67570470466086,58,-161.50042768657647,2026-01-29T14:56:25.321Z
-186.67570470466086,58.41999998688698,-161.50042768657647,2026-01-29T14:56:25.372Z
-186.67570470466086,58.7531999805212,-161.50042768657647,2026-01-29T14:56:25.423Z
-186.67570470466086,59.00133597911215,-161.50042768657647,2026-01-29T14:56:25.474Z
-186.67570470466086,59.166109260938214,-161.50042768657647,2026-01-29T14:56:25.525Z
-186.67570470466086,59.24918707874468,-161.50042768657647,2026-01-29T14:56:25.575Z
-186.67570470466086,59.17675927506424,-161.50042768657647,2026-01-29T14:56:25.677Z
-186.67570470466086,59.024424088213685,-161.50042768657647,2026-01-29T14:56:25.729Z
-186.67570470466086,58.7967356006687,-161.50042768657647,2026-01-29T14:56:25.779Z
-186.67570470466086,58.495200877005914,-161.50042768657647,2026-01-29T14:56:25.831Z
-186.67570470466086,58.121296840539195,-161.50042768657647,2026-01-29T14:56:25.881Z
-186.67570470466086,58,-161.50042768657647,2026-01-29T14:56:25.930Z
-186.67570470466086,58.41999998688698,-161.50042768657647,2026-01-29T14:56:25.981Z
-186.67570470466086,58.7531999805212,-161.50042768657647,2026-01-29T14:56:26.032Z
-186.67570470466086,59.00133597911215,-161.50042768657647,2026-01-29T14:56:26.083Z
-186.67570470466086,59.166109260938214,-161.50042768657647,2026-01-29T14:56:26.132Z
-186.67570470466086,59.24918707874468,-161.50042768657647,2026-01-29T14:56:26.183Z
-186.67570470466086,59.17675927506424,-161.50042768657647,2026-01-29T14:56:26.285Z
-186.67570470466086,59.024424088213685,-161.50042768657647,2026-01-29T14:56:26.335Z
-186.67570470466086,58.7967356006687,-161.50042768657647,2026-01-29T14:56:26.387Z
-186.67570470466086,58.495200877005914,-161.50042768657647,2026-01-29T14:56:26.437Z
-186.67570470466086,58.121296840539195,-161.50042768657647,2026-01-29T14:56:26.488Z
-186.67570470466086,58,-161.50042768657647,2026-01-29T14:56:26.538Z
-186.67570470466086,58.41999998688698,-161.50042768657647,2026-01-29T14:56:26.589Z
-186.67570470466086,58.7531999805212,-161.50042768657647,2026-01-29T14:56:26.641Z
-186.67570470466086,59.00133597911215,-161.50042768657647,2026-01-29T14:56:26.692Z
-186.67570470466086,59.166109260938214,-161.50042768657647,2026-01-29T14:56:26.742Z
-186.67570470466086,59.24918707874468,-161.50042768657647,2026-01-29T14:56:26.793Z
-186.67570470466086,59.17675927506424,-161.50042768657647,2026-01-29T14:56:26.895Z
-186.67570470466086,59.024424088213685,-161.50042768657647,2026-01-29T14:56:26.945Z
-186.67570470466086,58.7967356006687,-161.50042768657647,2026-01-29T14:56:26.997Z
-186.67570470466086,58.495200877005914,-161.50042768657647,2026-01-29T14:56:27.047Z
-186.67570470466086,58.121296840539195,-161.50042768657647,2026-01-29T14:56:27.099Z
-186.67570470466086,58,-161.50042768657647,2026-01-29T14:56:27.149Z
-186.67570470466086,58.41999998688698,-161.50042768657647,2026-01-29T14:56:27.201Z
-186.67570470466086,58.7531999805212,-161.50042768657647,2026-01-29T14:56:27.251Z
-186.67570470466086,59.00133597911215,-161.50042768657647,2026-01-29T14:56:27.303Z
-186.67570470466086,59.166109260938214,-161.50042768657647,2026-01-29T14:56:27.303Z
-186.67570470466086,59.24918707874468,-161.50042768657647,2026-01-29T14:56:27.353Z
-186.67570470466086,59.17675927506424,-161.50042768657647,2026-01-29T14:56:27.454Z
-186.67570470466086,59.024424088213685,-161.50042768657647,2026-01-29T14:56:27.506Z
-186.67570470466086,58.7967356006687,-161.50042768657647,2026-01-29T14:56:27.556Z
-186.67570470466086,58.495200877005914,-161.50042768657647,2026-01-29T14:56:27.606Z
-186.67570470466086,58.121296840539195,-161.50042768657647,2026-01-29T14:56:27.656Z
-186.67570470466086,58,-161.50042768657647,2026-01-29T14:56:27.707Z
-186.67570470466086,58.41999998688698,-161.50042768657647,2026-01-29T14:56:27.756Z
-186.67570470466086,58.7531999805212,-161.50042768657647,2026-01-29T14:56:27.805Z
-186.67570470466086,59.00133597911215,-161.50042768657647,2026-01-29T14:56:27.856Z
-186.67570470466086,59.166109260938214,-161.50042768657647,2026-01-29T14:56:27.908Z
-186.67570470466086,59.24918707874468,-161.50042768657647,2026-01-29T14:56:27.959Z
-186.67570470466086,59.17675927506424,-161.50042768657647,2026-01-29T14:56:28.061Z
-186.67570470466086,59.024424088213685,-161.50042768657647,2026-01-29T14:56:28.111Z
-186.67570470466086,58.7967356006687,-161.50042768657647,2026-01-29T14:56:28.161Z
-186.67570470466086,58.495200877005914,-161.50042768657647,2026-01-29T14:56:28.212Z
-186.67570470466086,58.121296840539195,-161.50042768657647,2026-01-29T14:56:28.262Z
-186.67570470466086,58,-161.50042768657647,2026-01-29T14:56:28.312Z
-186.67570470466086,58.41999998688698,-161.50042768657647,2026-01-29T14:56:28.363Z
-186.67570470466086,58.7531999805212,-161.50042768657647,2026-01-29T14:56:28.415Z
-186.67570470466086,59.00133597911215,-161.50042768657647,2026-01-29T14:56:28.465Z
-186.67570470466086,59.166109260938214,-161.50042768657647,2026-01-29T14:56:28.517Z
-186.67570470466086,59.24918707874468,-161.50042768657647,2026-01-29T14:56:28.567Z
-186.67570470466086,59.17675927506424,-161.50042768657647,2026-01-29T14:56:28.668Z
-186.67570470466086,59.024424088213685,-161.50042768657647,2026-01-29T14:56:28.745Z
-186.67570470466086,59.41999998688698,-161.50042768657647,2026-01-29T14:56:28.820Z
-186.67570470466086,59.7531999805212,-161.50042768657647,2026-01-29T14:56:28.872Z
-186.67570470466086,60.00133597911215,-161.50042768657647,2026-01-29T14:56:28.922Z
-186.67570470466086,60.166109260938214,-161.50042768657647,2026-01-29T14:56:28.973Z
-186.67570470466086,60.24918707874468,-161.50042768657647,2026-01-29T14:56:29.024Z
-186.67570470466086,60.17675927506424,-161.50042768657647,2026-01-29T14:56:29.126Z
-186.67570470466086,60.024424088213685,-161.50042768657647,2026-01-29T14:56:29.177Z
-186.67570470466086,59.7967356006687,-161.50042768657647,2026-01-29T14:56:29.229Z
-186.67570470466086,59.495200877005914,-161.50042768657647,2026-01-29T14:56:29.280Z
-186.67570470466086,59.121296840539195,-161.50042768657647,2026-01-29T14:56:29.331Z
-186.67570470466086,59,-161.50042768657647,2026-01-29T14:56:29.382Z
-186.67570470466086,59.41999998688698,-161.50042768657647,2026-01-29T14:56:29.430Z
-186.67570470466086,59.7531999805212,-161.50042768657647,2026-01-29T14:56:29.482Z
-186.67570470466086,60.00133597911215,-161.50042768657647,2026-01-29T14:56:29.532Z
-186.67570470466086,60.166109260938214,-161.50042768657647,2026-01-29T14:56:29.583Z
-186.67570470466086,60.24918707874468,-161.50042768657647,2026-01-29T14:56:29.634Z
-186.67570470466086,60.17675927506424,-161.50042768657647,2026-01-29T14:56:29.735Z
-186.67570470466086,60.024424088213685,-161.50042768657647,2026-01-29T14:56:29.787Z
-186.67570470466086,59.7967356006687,-161.50042768657647,2026-01-29T14:56:29.837Z
-186.67570470466086,59.495200877005914,-161.50042768657647,2026-01-29T14:56:29.888Z
-186.67570470466086,59.121296840539195,-161.50042768657647,2026-01-29T14:56:29.939Z
-186.67570470466086,59,-161.50042768657647,2026-01-29T14:56:29.990Z
-186.67570470466086,59.41999998688698,-161.50042768657647,2026-01-29T14:56:30.041Z
-186.67570470466086,59.7531999805212,-161.50042768657647,2026-01-29T14:56:30.092Z
-186.67570470466086,60.00133597911215,-161.50042768657647,2026-01-29T14:56:30.144Z
-186.67570470466086,60.166109260938214,-161.50042768657647,2026-01-29T14:56:30.194Z
-186.67570470466086,60.24918707874468,-161.50042768657647,2026-01-29T14:56:30.245Z
-186.67570470466086,60.17675927506424,-161.50042768657647,2026-01-29T14:56:30.346Z
-186.67570470466086,60.024424088213685,-161.50042768657647,2026-01-29T14:56:30.397Z
-186.67570470466086,59.7967356006687,-161.50042768657647,2026-01-29T14:56:30.447Z
-186.67570470466086,59.495200877005914,-161.50042768657647,2026-01-29T14:56:30.498Z
-186.67570470466086,59.121296840539195,-161.50042768657647,2026-01-29T14:56:30.550Z
-186.67570470466086,59,-161.50042768657647,2026-01-29T14:56:30.600Z
-186.67570470466086,59.41999998688698,-161.50042768657647,2026-01-29T14:56:30.652Z
-186.67570470466086,59.7531999805212,-161.50042768657647,2026-01-29T14:56:30.652Z
-186.67570470466086,60.00133597911215,-161.50042768657647,2026-01-29T14:56:30.702Z
-186.67570470466086,60.166109260938214,-161.50042768657647,2026-01-29T14:56:30.753Z
-186.67570470466086,60.24918707874468,-161.50042768657647,2026-01-29T14:56:30.804Z
-186.67570470466086,60.17675927506424,-161.50042768657647,2026-01-29T14:56:30.905Z
-186.67570470466086,60.024424088213685,-161.50042768657647,2026-01-29T14:56:30.955Z
-186.67570470466086,59.7967356006687,-161.50042768657647,2026-01-29T14:56:31.005Z
-186.67570470466086,59.495200877005914,-161.50042768657647,2026-01-29T14:56:31.055Z
-186.67570470466086,59.121296840539195,-161.50042768657647,2026-01-29T14:56:31.105Z
-186.67570470466086,59,-161.50042768657647,2026-01-29T14:56:31.156Z
-186.67570470466086,59.41999998688698,-161.50042768657647,2026-01-29T14:56:31.206Z
-186.67570470466086,59.7531999805212,-161.50042768657647,2026-01-29T14:56:31.257Z
-186.67570470466086,60.00133597911215,-161.50042768657647,2026-01-29T14:56:31.306Z
-186.67570470466086,60.166109260938214,-161.50042768657647,2026-01-29T14:56:31.356Z
-186.67570470466086,60.24918707874468,-161.50042768657647,2026-01-29T14:56:31.406Z
-186.67570470466086,60.17675927506424,-161.50042768657647,2026-01-29T14:56:31.506Z
-186.67570470466086,60.024424088213685,-161.50042768657647,2026-01-29T14:56:31.557Z
-186.67570470466086,59.7967356006687,-161.50042768657647,2026-01-29T14:56:31.607Z
-186.67570470466086,59.495200877005914,-161.50042768657647,2026-01-29T14:56:31.657Z
-186.67570470466086,59.121296840539195,-161.50042768657647,2026-01-29T14:56:31.708Z
-186.67570470466086,59,-161.50042768657647,2026-01-29T14:56:31.758Z
-186.67570470466086,59.41999998688698,-161.50042768657647,2026-01-29T14:56:31.808Z
-186.67570470466086,59.7531999805212,-161.50042768657647,2026-01-29T14:56:31.858Z
-186.67570470466086,60.00133597911215,-161.50042768657647,2026-01-29T14:56:31.908Z
-186.67570470466086,60.166109260938214,-161.50042768657647,2026-01-29T14:56:31.958Z
-186.67570470466086,60.24918707874468,-161.50042768657647,2026-01-29T14:56:32.009Z
-186.67570470466086,60.17675927506424,-161.50042768657647,2026-01-29T14:56:32.111Z
-186.67570470466086,60.024424088213685,-161.50042768657647,2026-01-29T14:56:32.162Z
-186.67570470466086,59.7967356006687,-161.50042768657647,2026-01-29T14:56:32.213Z
-186.67570470466086,59.495200877005914,-161.50042768657647,2026-01-29T14:56:32.263Z
-186.67570470466086,59.121296840539195,-161.50042768657647,2026-01-29T14:56:32.314Z
-186.67570470466086,59,-161.50042768657647,2026-01-29T14:56:32.366Z
-186.67570470466086,59.41999998688698,-161.50042768657647,2026-01-29T14:56:32.417Z
-186.67570470466086,59.7531999805212,-161.50042768657647,2026-01-29T14:56:32.466Z
-186.67570470466086,60.00133597911215,-161.50042768657647,2026-01-29T14:56:32.518Z
-186.67570470466086,60.166109260938214,-161.50042768657647,2026-01-29T14:56:32.569Z
-186.67570470466086,60.24918707874468,-161.50042768657647,2026-01-29T14:56:32.620Z
-186.67570470466086,60.17675927506424,-161.50042768657647,2026-01-29T14:56:32.722Z
-186.67570470466086,60.024424088213685,-161.50042768657647,2026-01-29T14:56:32.773Z
-186.67570470466086,59.7967356006687,-161.50042768657647,2026-01-29T14:56:32.824Z
-186.67570470466086,59.495200877005914,-161.50042768657647,2026-01-29T14:56:32.876Z
-186.67570470466086,59.121296840539195,-161.50042768657647,2026-01-29T14:56:32.926Z
-186.67570470466086,59,-161.50042768657647,2026-01-29T14:56:32.978Z
-186.67570470466086,59.41999998688698,-161.50042768657647,2026-01-29T14:56:33.028Z
-186.67570470466086,59.7531999805212,-161.50042768657647,2026-01-29T14:56:33.078Z
-186.67570470466086,60.00133597911215,-161.50042768657647,2026-01-29T14:56:33.130Z
-186.67570470466086,60.166109260938214,-161.50042768657647,2026-01-29T14:56:33.181Z
-186.67570470466086,60.24918707874468,-161.50042768657647,2026-01-29T14:56:33.232Z
-186.67570470466086,60.17675927506424,-161.50042768657647,2026-01-29T14:56:33.335Z
-186.67570470466086,60.024424088213685,-161.50042768657647,2026-01-29T14:56:33.385Z
-186.67570470466086,59.7967356006687,-161.50042768657647,2026-01-29T14:56:33.436Z
-186.67570470466086,59.495200877005914,-161.50042768657647,2026-01-29T14:56:33.488Z
-186.67570470466086,59.121296840539195,-161.50042768657647,2026-01-29T14:56:33.538Z
-186.67570470466086,59,-161.50042768657647,2026-01-29T14:56:33.589Z
-186.67570470466086,59.41999998688698,-161.50042768657647,2026-01-29T14:56:33.640Z
-186.67570470466086,59.7531999805212,-161.50042768657647,2026-01-29T14:56:33.716Z
-186.67570470466086,60.00133597911215,-161.50042768657647,2026-01-29T14:56:33.742Z
-186.67570470466086,60.166109260938214,-161.50042768657647,2026-01-29T14:56:33.814Z
-186.67570470466086,60.24918707874468,-161.50042768657647,2026-01-29T14:56:33.845Z
-186.67570470466086,60.17675927506424,-161.50042768657647,2026-01-29T14:56:33.946Z
-186.67570470466086,60.024424088213685,-161.50042768657647,2026-01-29T14:56:33.997Z
-186.67570470466086,60.41999998688698,-161.50042768657647,2026-01-29T14:56:34.099Z
-186.67570470466086,60.7531999805212,-161.50042768657647,2026-01-29T14:56:34.148Z
-186.67570470466086,61.00133597911215,-161.50042768657647,2026-01-29T14:56:34.199Z
-186.67570470466086,61.166109260938214,-161.50042768657647,2026-01-29T14:56:34.249Z
-186.67570470466086,61.24918707874468,-161.50042768657647,2026-01-29T14:56:34.300Z
-186.67570470466086,61.17675927506424,-161.50042768657647,2026-01-29T14:56:34.402Z
-186.67570470466086,61.024424088213685,-161.50042768657647,2026-01-29T14:56:34.403Z
-186.67570470466086,60.7967356006687,-161.50042768657647,2026-01-29T14:56:34.453Z
-186.67570470466086,60.495200877005914,-161.50042768657647,2026-01-29T14:56:34.504Z
-186.67570470466086,60.121296840539195,-161.50042768657647,2026-01-29T14:56:34.555Z
-186.67570470466086,60,-161.50042768657647,2026-01-29T14:56:34.605Z
-186.67570470466086,60.41999998688698,-161.50042768657647,2026-01-29T14:56:34.655Z
-186.67570470466086,60.7531999805212,-161.50042768657647,2026-01-29T14:56:34.706Z
-186.67570470466086,61.00133597911215,-161.50042768657647,2026-01-29T14:56:34.757Z
-186.67570470466086,61.166109260938214,-161.50042768657647,2026-01-29T14:56:34.807Z
-186.67570470466086,61.24918707874468,-161.50042768657647,2026-01-29T14:56:34.857Z
-186.67570470466086,61.17675927506424,-161.50042768657647,2026-01-29T14:56:34.959Z
-186.67570470466086,61.024424088213685,-161.50042768657647,2026-01-29T14:56:35.010Z
-186.67570470466086,60.7967356006687,-161.50042768657647,2026-01-29T14:56:35.061Z
-186.67570470466086,60.495200877005914,-161.50042768657647,2026-01-29T14:56:35.112Z
-186.67570470466086,60.121296840539195,-161.50042768657647,2026-01-29T14:56:35.161Z
-186.67570470466086,60,-161.50042768657647,2026-01-29T14:56:35.211Z
-186.67570470466086,60.41999998688698,-161.50042768657647,2026-01-29T14:56:35.262Z
-186.67570470466086,60.7531999805212,-161.50042768657647,2026-01-29T14:56:35.313Z
-186.67570470466086,61.00133597911215,-161.50042768657647,2026-01-29T14:56:35.363Z
-186.67570470466086,61.166109260938214,-161.50042768657647,2026-01-29T14:56:35.413Z
-186.67570470466086,61.24918707874468,-161.50042768657647,2026-01-29T14:56:35.464Z
-186.67570470466086,61.17675927506424,-161.50042768657647,2026-01-29T14:56:35.566Z
-186.67570470466086,61.024424088213685,-161.50042768657647,2026-01-29T14:56:35.617Z
-186.67570470466086,60.7967356006687,-161.50042768657647,2026-01-29T14:56:35.669Z
-186.67570470466086,60.495200877005914,-161.50042768657647,2026-01-29T14:56:35.720Z
-186.67570470466086,60.121296840539195,-161.50042768657647,2026-01-29T14:56:35.771Z
-186.67570470466086,60,-161.50042768657647,2026-01-29T14:56:35.821Z
-186.67570470466086,60.41999998688698,-161.50042768657647,2026-01-29T14:56:35.872Z
-186.67570470466086,60.7531999805212,-161.50042768657647,2026-01-29T14:56:35.923Z
-186.67570470466086,61.00133597911215,-161.50042768657647,2026-01-29T14:56:35.974Z
-186.67570470466086,61.166109260938214,-161.50042768657647,2026-01-29T14:56:36.024Z
-186.67570470466086,61.24918707874468,-161.50042768657647,2026-01-29T14:56:36.075Z
-186.67570470466086,61.17675927506424,-161.50042768657647,2026-01-29T14:56:36.176Z
-186.67570470466086,61.024424088213685,-161.50042768657647,2026-01-29T14:56:36.227Z
-186.67570470466086,60.7967356006687,-161.50042768657647,2026-01-29T14:56:36.278Z
-186.67570470466086,60.495200877005914,-161.50042768657647,2026-01-29T14:56:36.327Z
-186.67570470466086,60.121296840539195,-161.50042768657647,2026-01-29T14:56:36.378Z
-186.67570470466086,60,-161.50042768657647,2026-01-29T14:56:36.429Z
-186.67570470466086,60.41999998688698,-161.50042768657647,2026-01-29T14:56:36.480Z
-186.67570470466086,60.7531999805212,-161.50042768657647,2026-01-29T14:56:36.531Z
-186.67570470466086,61.00133597911215,-161.50042768657647,2026-01-29T14:56:36.582Z
-186.67570470466086,61.166109260938214,-161.50042768657647,2026-01-29T14:56:36.632Z
-186.67570470466086,61.24918707874468,-161.50042768657647,2026-01-29T14:56:36.683Z
-186.67570470466086,61.17675927506424,-161.50042768657647,2026-01-29T14:56:36.784Z
-186.67570470466086,61.024424088213685,-161.50042768657647,2026-01-29T14:56:36.835Z
-186.67570470466086,60.7967356006687,-161.50042768657647,2026-01-29T14:56:36.886Z
-186.67570470466086,60.495200877005914,-161.50042768657647,2026-01-29T14:56:36.937Z
-186.67570470466086,60.121296840539195,-161.50042768657647,2026-01-29T14:56:36.988Z
-186.67570470466086,60,-161.50042768657647,2026-01-29T14:56:37.039Z
-186.67570470466086,60.41999998688698,-161.50042768657647,2026-01-29T14:56:37.090Z
-186.67570470466086,60.7531999805212,-161.50042768657647,2026-01-29T14:56:37.140Z
-186.67570470466086,61.00133597911215,-161.50042768657647,2026-01-29T14:56:37.192Z
-186.67570470466086,61.166109260938214,-161.50042768657647,2026-01-29T14:56:37.242Z
-186.67570470466086,61.24918707874468,-161.50042768657647,2026-01-29T14:56:37.293Z
-186.67570470466086,61.17675927506424,-161.50042768657647,2026-01-29T14:56:37.395Z
-186.67570470466086,61.024424088213685,-161.50042768657647,2026-01-29T14:56:37.446Z
-186.67570470466086,60.7967356006687,-161.50042768657647,2026-01-29T14:56:37.496Z
-186.67570470466086,60.495200877005914,-161.50042768657647,2026-01-29T14:56:37.546Z
-186.67570470466086,60.121296840539195,-161.50042768657647,2026-01-29T14:56:37.597Z
-186.67570470466086,60,-161.50042768657647,2026-01-29T14:56:37.647Z
-186.67570470466086,60.41999998688698,-161.50042768657647,2026-01-29T14:56:37.698Z
-186.67570470466086,60.7531999805212,-161.50042768657647,2026-01-29T14:56:37.749Z
-186.67570470466086,61.00133597911215,-161.50042768657647,2026-01-29T14:56:37.800Z
-186.67570470466086,61.166109260938214,-161.50042768657647,2026-01-29T14:56:37.851Z
-186.67570470466086,61.24918707874468,-161.50042768657647,2026-01-29T14:56:37.903Z
-186.67570470466086,61.17675927506424,-161.50042768657647,2026-01-29T14:56:37.955Z
-186.67570470466086,61.024424088213685,-161.50042768657647,2026-01-29T14:56:38.005Z
-186.67570470466086,60.7967356006687,-161.50042768657647,2026-01-29T14:56:38.055Z
-186.67570470466086,60.495200877005914,-161.50042768657647,2026-01-29T14:56:38.105Z
-186.67570470466086,60.121296840539195,-161.50042768657647,2026-01-29T14:56:38.156Z
-186.67570470466086,60,-161.50042768657647,2026-01-29T14:56:38.205Z
-186.67570470466086,60.41999998688698,-161.50042768657647,2026-01-29T14:56:38.255Z
-186.67570470466086,60.7531999805212,-161.50042768657647,2026-01-29T14:56:38.305Z
-186.67570470466086,61.00133597911215,-161.50042768657647,2026-01-29T14:56:38.355Z
-186.67570470466086,61.166109260938214,-161.50042768657647,2026-01-29T14:56:38.406Z
-186.67570470466086,61.24918707874468,-161.50042768657647,2026-01-29T14:56:38.455Z
-186.67570470466086,61.17675927506424,-161.50042768657647,2026-01-29T14:56:38.555Z
-186.67570470466086,61.024424088213685,-161.50042768657647,2026-01-29T14:56:38.606Z
-186.67570470466086,60.7967356006687,-161.50042768657647,2026-01-29T14:56:38.656Z
-186.67570470466086,60.495200877005914,-161.50042768657647,2026-01-29T14:56:38.707Z
-186.67570470466086,60.121296840539195,-161.50042768657647,2026-01-29T14:56:38.756Z
-186.67570470466086,60,-161.50042768657647,2026-01-29T14:56:38.806Z
-186.67570470466086,60.41999998688698,-161.50042768657647,2026-01-29T14:56:38.906Z
-186.67570470466086,60.7531999805212,-161.50042768657647,2026-01-29T14:56:38.957Z
-186.67570470466086,61.00133597911215,-161.50042768657647,2026-01-29T14:56:39.006Z
-186.67570470466086,61.166109260938214,-161.50042768657647,2026-01-29T14:56:39.056Z
-186.67570470466086,61.24918707874468,-161.50042768657647,2026-01-29T14:56:39.106Z
-186.67570470466086,61.17675927506424,-161.50042768657647,2026-01-29T14:56:39.205Z
-186.67570470466086,61.024424088213685,-161.50042768657647,2026-01-29T14:56:39.256Z
-186.67570470466086,60.7967356006687,-161.50042768657647,2026-01-29T14:56:39.306Z
-186.67570470466086,60.495200877005914,-161.50042768657647,2026-01-29T14:56:39.356Z
-186.67570470466086,60.121296840539195,-161.50042768657647,2026-01-29T14:56:39.406Z
-186.67570470466086,60,-161.50042768657647,2026-01-29T14:56:39.456Z
-186.67570470466086,60.41999998688698,-161.50042768657647,2026-01-29T14:56:39.507Z
-186.67570470466086,60.7531999805212,-161.50042768657647,2026-01-29T14:56:39.557Z
-186.67570470466086,61.00133597911215,-161.50042768657647,2026-01-29T14:56:39.608Z
-186.67570470466086,61.166109260938214,-161.50042768657647,2026-01-29T14:56:39.657Z
-186.67570470466086,61.24918707874468,-161.50042768657647,2026-01-29T14:56:39.708Z
-186.67570470466086,61.17675927506424,-161.50042768657647,2026-01-29T14:56:39.810Z
-186.67570470466086,61.024424088213685,-161.50042768657647,2026-01-29T14:56:39.860Z
-186.67570470466086,60.7967356006687,-161.50042768657647,2026-01-29T14:56:39.910Z
-186.67570470466086,60.495200877005914,-161.50042768657647,2026-01-29T14:56:39.961Z
-186.67570470466086,60.121296840539195,-161.50042768657647,2026-01-29T14:56:40.011Z
-186.67570470466086,60,-161.50042768657647,2026-01-29T14:56:40.062Z
-186.67570470466086,60.41999998688698,-161.50042768657647,2026-01-29T14:56:40.113Z
-186.67570470466086,60.7531999805212,-161.50042768657647,2026-01-29T14:56:40.164Z
-186.67570470466086,61.00133597911215,-161.50042768657647,2026-01-29T14:56:40.215Z
-186.67570470466086,61.166109260938214,-161.50042768657647,2026-01-29T14:56:40.267Z
-186.67570470466086,61.24918707874468,-161.50042768657647,2026-01-29T14:56:40.318Z
-186.67570470466086,61.17675927506424,-161.50042768657647,2026-01-29T14:56:40.419Z
-186.67570470466086,61.024424088213685,-161.50042768657647,2026-01-29T14:56:40.471Z
-186.67570470466086,60.7967356006687,-161.50042768657647,2026-01-29T14:56:40.522Z
-186.67570470466086,60.495200877005914,-161.50042768657647,2026-01-29T14:56:40.572Z
-186.67570470466086,60.121296840539195,-161.50042768657647,2026-01-29T14:56:40.622Z
-186.67570470466086,60,-161.50042768657647,2026-01-29T14:56:40.672Z
-186.67570470466086,60.41999998688698,-161.50042768657647,2026-01-29T14:56:40.722Z
-186.67570470466086,60.7531999805212,-161.50042768657647,2026-01-29T14:56:40.773Z
-186.67570470466086,61.00133597911215,-161.50042768657647,2026-01-29T14:56:40.824Z
-186.67570470466086,61.166109260938214,-161.50042768657647,2026-01-29T14:56:40.875Z
-186.67570470466086,61.24918707874468,-161.50042768657647,2026-01-29T14:56:40.924Z
-186.67570470466086,61.17675927506424,-161.50042768657647,2026-01-29T14:56:41.026Z
-186.67570470466086,61.024424088213685,-161.50042768657647,2026-01-29T14:56:41.077Z
-186.67570470466086,60.7967356006687,-161.50042768657647,2026-01-29T14:56:41.128Z
-186.67570470466086,60.495200877005914,-161.50042768657647,2026-01-29T14:56:41.180Z
-186.67570470466086,60.121296840539195,-161.50042768657647,2026-01-29T14:56:41.231Z
-186.67570470466086,60,-161.50042768657647,2026-01-29T14:56:41.282Z
-186.67570470466086,60.41999998688698,-161.50042768657647,2026-01-29T14:56:41.334Z
-186.67570470466086,60.7531999805212,-161.50042768657647,2026-01-29T14:56:41.385Z
-186.67570470466086,61.00133597911215,-161.50042768657647,2026-01-29T14:56:41.435Z
-186.67570470466086,61.166109260938214,-161.50042768657647,2026-01-29T14:56:41.487Z
-186.67570470466086,61.24918707874468,-161.50042768657647,2026-01-29T14:56:41.537Z
-186.67570470466086,61.17675927506424,-161.50042768657647,2026-01-29T14:56:41.639Z
-186.67570470466086,61.024424088213685,-161.50042768657647,2026-01-29T14:56:41.691Z
-186.67570470466086,60.7967356006687,-161.50042768657647,2026-01-29T14:56:41.742Z
-186.67570470466086,60.495200877005914,-161.50042768657647,2026-01-29T14:56:41.792Z
-186.67570470466086,60.121296840539195,-161.50042768657647,2026-01-29T14:56:41.844Z
-186.67570470466086,60,-161.50042768657647,2026-01-29T14:56:41.893Z
-186.67570470466086,60.41999998688698,-161.50042768657647,2026-01-29T14:56:41.944Z
-186.67570470466086,60.7531999805212,-161.50042768657647,2026-01-29T14:56:41.994Z
-186.67570470466086,61.00133597911215,-161.50042768657647,2026-01-29T14:56:42.044Z
-186.67570470466086,61.166109260938214,-161.50042768657647,2026-01-29T14:56:42.095Z
-186.67570470466086,61.24918707874468,-161.50042768657647,2026-01-29T14:56:42.147Z
-186.67570470466086,61.17675927506424,-161.50042768657647,2026-01-29T14:56:42.247Z
-186.67570470466086,61.024424088213685,-161.50042768657647,2026-01-29T14:56:42.298Z
-186.67570470466086,60.7967356006687,-161.50042768657647,2026-01-29T14:56:42.349Z
-186.67570470466086,60.495200877005914,-161.50042768657647,2026-01-29T14:56:42.400Z
-186.67570470466086,60.121296840539195,-161.50042768657647,2026-01-29T14:56:42.452Z
-186.67570470466086,60,-161.50042768657647,2026-01-29T14:56:42.452Z
-186.67570470466086,60.41999998688698,-161.50042768657647,2026-01-29T14:56:42.502Z
-186.67570470466086,60.7531999805212,-161.50042768657647,2026-01-29T14:56:42.553Z
-186.67570470466086,61.00133597911215,-161.50042768657647,2026-01-29T14:56:42.604Z
-186.67570470466086,61.166109260938214,-161.50042768657647,2026-01-29T14:56:42.655Z
-186.67570470466086,61.24918707874468,-161.50042768657647,2026-01-29T14:56:42.705Z
-186.67570470466086,61.17675927506424,-161.50042768657647,2026-01-29T14:56:42.806Z
-186.67570470466086,61.024424088213685,-161.50042768657647,2026-01-29T14:56:42.857Z
-186.67570470466086,60.7967356006687,-161.50042768657647,2026-01-29T14:56:42.906Z
-186.67570470466086,60.495200877005914,-161.50042768657647,2026-01-29T14:56:42.956Z
-186.67570470466086,60.121296840539195,-161.50042768657647,2026-01-29T14:56:43.006Z
-186.67570470466086,60,-161.50042768657647,2026-01-29T14:56:43.056Z
-186.67570470466086,60.41999998688698,-161.50042768657647,2026-01-29T14:56:43.106Z
-186.67570470466086,60.7531999805212,-161.50042768657647,2026-01-29T14:56:43.157Z
-186.67570470466086,61.00133597911215,-161.50042768657647,2026-01-29T14:56:43.208Z
-186.67570470466086,61.166109260938214,-161.50042768657647,2026-01-29T14:56:43.257Z
-186.67570470466086,61.24918707874468,-161.50042768657647,2026-01-29T14:56:43.308Z
-186.67570470466086,61.17675927506424,-161.50042768657647,2026-01-29T14:56:43.410Z
-186.67570470466086,61.024424088213685,-161.50042768657647,2026-01-29T14:56:43.461Z
-186.67570470466086,60.7967356006687,-161.50042768657647,2026-01-29T14:56:43.512Z
-186.67570470466086,60.495200877005914,-161.50042768657647,2026-01-29T14:56:43.563Z
-186.67570470466086,60.121296840539195,-161.50042768657647,2026-01-29T14:56:43.613Z
-186.67570470466086,60,-161.50042768657647,2026-01-29T14:56:43.663Z
-186.67570470466086,60.41999998688698,-161.50042768657647,2026-01-29T14:56:43.714Z
-186.67570470466086,60.7531999805212,-161.50042768657647,2026-01-29T14:56:43.766Z
-186.67570470466086,61.00133597911215,-161.50042768657647,2026-01-29T14:56:43.817Z
-186.67570470466086,61.166109260938214,-161.50042768657647,2026-01-29T14:56:43.868Z
-186.67570470466086,61.24918707874468,-161.50042768657647,2026-01-29T14:56:43.919Z
-186.67570470466086,61.17675927506424,-161.50042768657647,2026-01-29T14:56:44.022Z
-186.67570470466086,61.024424088213685,-161.50042768657647,2026-01-29T14:56:44.091Z
-186.67570470466086,61.41999998688698,-161.50042768657647,2026-01-29T14:56:44.174Z
-186.67570470466086,61.7531999805212,-161.50042768657647,2026-01-29T14:56:44.226Z
-186.67570470466086,62.00133597911215,-161.50042768657647,2026-01-29T14:56:44.276Z
-186.67570470466086,62.166109260938214,-161.50042768657647,2026-01-29T14:56:44.328Z
-186.67570470466086,62.24918707874468,-161.50042768657647,2026-01-29T14:56:44.379Z
-186.67570470466086,62.17675927506424,-161.50042768657647,2026-01-29T14:56:44.481Z
-186.67570470466086,62.024424088213685,-161.50042768657647,2026-01-29T14:56:44.532Z
-186.67570470466086,61.7967356006687,-161.50042768657647,2026-01-29T14:56:44.583Z
-186.67570470466086,61.495200877005914,-161.50042768657647,2026-01-29T14:56:44.634Z
-186.67570470466086,61.121296840539195,-161.50042768657647,2026-01-29T14:56:44.685Z
-186.67570470466086,61,-161.50042768657647,2026-01-29T14:56:44.737Z
-186.67570470466086,61.41999998688698,-161.50042768657647,2026-01-29T14:56:44.787Z
-186.67570470466086,61.7531999805212,-161.50042768657647,2026-01-29T14:56:44.838Z
-186.67570470466086,62.00133597911215,-161.50042768657647,2026-01-29T14:56:44.888Z
-186.67570470466086,62.166109260938214,-161.50042768657647,2026-01-29T14:56:44.939Z
-186.67570470466086,62.24918707874468,-161.50042768657647,2026-01-29T14:56:44.990Z
-186.67570470466086,62.17675927506424,-161.50042768657647,2026-01-29T14:56:45.092Z
-186.67570470466086,62.024424088213685,-161.50042768657647,2026-01-29T14:56:45.144Z
-186.67570470466086,61.7967356006687,-161.50042768657647,2026-01-29T14:56:45.194Z
-186.67570470466086,61.495200877005914,-161.50042768657647,2026-01-29T14:56:45.246Z
-186.67570470466086,61.121296840539195,-161.50042768657647,2026-01-29T14:56:45.296Z
-186.67570470466086,61,-161.50042768657647,2026-01-29T14:56:45.347Z
-186.67570470466086,61.41999998688698,-161.50042768657647,2026-01-29T14:56:45.399Z
-186.67570470466086,61.7531999805212,-161.50042768657647,2026-01-29T14:56:45.451Z
-186.67570470466086,62.00133597911215,-161.50042768657647,2026-01-29T14:56:45.501Z
-186.67570470466086,62.166109260938214,-161.50042768657647,2026-01-29T14:56:45.553Z
-186.67570470466086,62.24918707874468,-161.50042768657647,2026-01-29T14:56:45.553Z
-186.67570470466086,62.17675927506424,-161.50042768657647,2026-01-29T14:56:45.654Z
-186.67570470466086,62.024424088213685,-161.50042768657647,2026-01-29T14:56:45.706Z
-186.67570470466086,61.7967356006687,-161.50042768657647,2026-01-29T14:56:45.755Z
-186.67570470466086,61.495200877005914,-161.50042768657647,2026-01-29T14:56:45.805Z
-186.67570470466086,61.121296840539195,-161.50042768657647,2026-01-29T14:56:45.856Z
-186.67570470466086,61,-161.50042768657647,2026-01-29T14:56:45.906Z
-186.67570470466086,61.41999998688698,-161.50042768657647,2026-01-29T14:56:45.955Z
-186.67570470466086,61.7531999805212,-161.50042768657647,2026-01-29T14:56:46.005Z
-186.67570470466086,62.00133597911215,-161.50042768657647,2026-01-29T14:56:46.056Z
-186.67570470466086,62.166109260938214,-161.50042768657647,2026-01-29T14:56:46.106Z
-186.67570470466086,62.24918707874468,-161.50042768657647,2026-01-29T14:56:46.157Z
-186.67570470466086,62.17675927506424,-161.50042768657647,2026-01-29T14:56:46.257Z
-186.67570470466086,62.024424088213685,-161.50042768657647,2026-01-29T14:56:46.308Z
-186.67570470466086,61.7967356006687,-161.50042768657647,2026-01-29T14:56:46.359Z
-186.67570470466086,61.495200877005914,-161.50042768657647,2026-01-29T14:56:46.410Z
-186.67570470466086,61.121296840539195,-161.50042768657647,2026-01-29T14:56:46.460Z
-186.67570470466086,61,-161.50042768657647,2026-01-29T14:56:46.510Z
-186.67570470466086,61.41999998688698,-161.50042768657647,2026-01-29T14:56:46.560Z
-186.67570470466086,61.7531999805212,-161.50042768657647,2026-01-29T14:56:46.611Z
-186.67570470466086,62.00133597911215,-161.50042768657647,2026-01-29T14:56:46.662Z
-186.67570470466086,62.166109260938214,-161.50042768657647,2026-01-29T14:56:46.713Z
-186.67570470466086,62.24918707874468,-161.50042768657647,2026-01-29T14:56:46.764Z
-186.67570470466086,62.17675927506424,-161.50042768657647,2026-01-29T14:56:46.866Z
-186.67570470466086,62.024424088213685,-161.50042768657647,2026-01-29T14:56:46.917Z
-186.67570470466086,61.7967356006687,-161.50042768657647,2026-01-29T14:56:46.968Z
-186.67570470466086,61.495200877005914,-161.50042768657647,2026-01-29T14:56:47.019Z
-186.67570470466086,61.121296840539195,-161.50042768657647,2026-01-29T14:56:47.070Z
-186.67570470466086,61,-161.50042768657647,2026-01-29T14:56:47.121Z
-186.67570470466086,61.41999998688698,-161.50042768657647,2026-01-29T14:56:47.172Z
-186.67570470466086,61.7531999805212,-161.50042768657647,2026-01-29T14:56:47.223Z
-186.67570470466086,62.00133597911215,-161.50042768657647,2026-01-29T14:56:47.274Z
-186.67570470466086,62.166109260938214,-161.50042768657647,2026-01-29T14:56:47.325Z
-186.67570470466086,62.24918707874468,-161.50042768657647,2026-01-29T14:56:47.376Z
-186.67570470466086,62.17675927506424,-161.50042768657647,2026-01-29T14:56:47.477Z
-186.67570470466086,62.024424088213685,-161.50042768657647,2026-01-29T14:56:47.528Z
-186.67570470466086,61.7967356006687,-161.50042768657647,2026-01-29T14:56:47.579Z
-186.67570470466086,61.495200877005914,-161.50042768657647,2026-01-29T14:56:47.631Z
-186.67570470466086,61.121296840539195,-161.50042768657647,2026-01-29T14:56:47.681Z
-186.67570470466086,61,-161.50042768657647,2026-01-29T14:56:47.732Z
-186.67570470466086,61.41999998688698,-161.50042768657647,2026-01-29T14:56:47.782Z
-186.67570470466086,61.7531999805212,-161.50042768657647,2026-01-29T14:56:47.833Z
-186.67570470466086,62.00133597911215,-161.50042768657647,2026-01-29T14:56:47.884Z
-186.67570470466086,62.166109260938214,-161.50042768657647,2026-01-29T14:56:47.934Z
-186.67570470466086,62.24918707874468,-161.50042768657647,2026-01-29T14:56:47.985Z
-186.67570470466086,62.17675927506424,-161.50042768657647,2026-01-29T14:56:48.087Z
-186.67570470466086,62.024424088213685,-161.50042768657647,2026-01-29T14:56:48.138Z
-186.67570470466086,61.7967356006687,-161.50042768657647,2026-01-29T14:56:48.189Z
-186.67570470466086,61.495200877005914,-161.50042768657647,2026-01-29T14:56:48.240Z
-186.67570470466086,61.121296840539195,-161.50042768657647,2026-01-29T14:56:48.291Z
-186.67570470466086,61,-161.50042768657647,2026-01-29T14:56:48.342Z
-186.67570470466086,61.41999998688698,-161.50042768657647,2026-01-29T14:56:48.393Z
-186.67570470466086,61.7531999805212,-161.50042768657647,2026-01-29T14:56:48.443Z
-186.67570470466086,62.00133597911215,-161.50042768657647,2026-01-29T14:56:48.494Z
-186.67570470466086,62.166109260938214,-161.50042768657647,2026-01-29T14:56:48.545Z
-186.67570470466086,62.24918707874468,-161.50042768657647,2026-01-29T14:56:48.596Z
-186.67570470466086,62.17675927506424,-161.50042768657647,2026-01-29T14:56:48.698Z
-186.67570470466086,62.024424088213685,-161.50042768657647,2026-01-29T14:56:48.749Z
-186.67570470466086,61.7967356006687,-161.50042768657647,2026-01-29T14:56:48.800Z
-186.67570470466086,61.495200877005914,-161.50042768657647,2026-01-29T14:56:48.851Z
-186.67570470466086,61.121296840539195,-161.50042768657647,2026-01-29T14:56:48.852Z
-186.67570470466086,61,-161.50042768657647,2026-01-29T14:56:48.902Z
-186.67570470466086,61.41999998688698,-161.50042768657647,2026-01-29T14:56:48.953Z
-186.67570470466086,61.7531999805212,-161.50042768657647,2026-01-29T14:56:49.004Z
-186.67570470466086,62.00133597911215,-161.50042768657647,2026-01-29T14:56:49.066Z
-186.67570470466086,62.166109260938214,-161.50042768657647,2026-01-29T14:56:49.123Z
-186.67570470466086,62.24918707874468,-161.50042768657647,2026-01-29T14:56:49.155Z
-186.67570470466086,62.17675927506424,-161.50042768657647,2026-01-29T14:56:49.255Z
-186.67570470466086,62.024424088213685,-161.50042768657647,2026-01-29T14:56:49.306Z
-186.67570470466086,62.41999998688698,-161.50042768657647,2026-01-29T14:56:49.405Z
-186.67570470466086,62.7531999805212,-161.50042768657647,2026-01-29T14:56:49.455Z
-186.67570470466086,63.00133597911215,-161.50042768657647,2026-01-29T14:56:49.505Z
-186.67570470466086,63.166109260938214,-161.50042768657647,2026-01-29T14:56:49.555Z
-186.67570470466086,63.24918707874468,-161.50042768657647,2026-01-29T14:56:49.606Z
-186.67570470466086,63.17675927506424,-161.50042768657647,2026-01-29T14:56:49.706Z
-186.67570470466086,63.024424088213685,-161.50042768657647,2026-01-29T14:56:49.756Z
-186.67570470466086,62.7967356006687,-161.50042768657647,2026-01-29T14:56:49.806Z
-186.67570470466086,62.495200877005914,-161.50042768657647,2026-01-29T14:56:49.857Z
-186.67570470466086,62.121296840539195,-161.50042768657647,2026-01-29T14:56:49.907Z
-186.67570470466086,62,-161.50042768657647,2026-01-29T14:56:49.957Z
-186.67570470466086,62.41999998688698,-161.50042768657647,2026-01-29T14:56:50.007Z
-186.67570470466086,62.7531999805212,-161.50042768657647,2026-01-29T14:56:50.058Z
-186.67570470466086,63.00133597911215,-161.50042768657647,2026-01-29T14:56:50.109Z
-186.67570470466086,63.166109260938214,-161.50042768657647,2026-01-29T14:56:50.160Z
-186.67570470466086,63.24918707874468,-161.50042768657647,2026-01-29T14:56:50.211Z
-186.67570470466086,63.17675927506424,-161.50042768657647,2026-01-29T14:56:50.313Z
-186.67570470466086,63.024424088213685,-161.50042768657647,2026-01-29T14:56:50.363Z
-186.67570470466086,62.7967356006687,-161.50042768657647,2026-01-29T14:56:50.414Z
-186.67570470466086,62.495200877005914,-161.50042768657647,2026-01-29T14:56:50.465Z
-186.67570470466086,62.121296840539195,-161.50042768657647,2026-01-29T14:56:50.516Z
-186.67570470466086,62,-161.50042768657647,2026-01-29T14:56:50.567Z
-186.67570470466086,62.41999998688698,-161.50042768657647,2026-01-29T14:56:50.619Z
-186.67570470466086,62.7531999805212,-161.50042768657647,2026-01-29T14:56:50.669Z
-186.67570470466086,63.00133597911215,-161.50042768657647,2026-01-29T14:56:50.719Z
-186.67570470466086,63.166109260938214,-161.50042768657647,2026-01-29T14:56:50.771Z
-186.67570470466086,63.24918707874468,-161.50042768657647,2026-01-29T14:56:50.821Z
-186.67570470466086,63.17675927506424,-161.50042768657647,2026-01-29T14:56:50.922Z
-186.67570470466086,63.024424088213685,-161.50042768657647,2026-01-29T14:56:50.975Z
-186.67570470466086,62.7967356006687,-161.50042768657647,2026-01-29T14:56:51.025Z
-186.67570470466086,62.495200877005914,-161.50042768657647,2026-01-29T14:56:51.076Z
-186.67570470466086,62.121296840539195,-161.50042768657647,2026-01-29T14:56:51.126Z
-186.67570470466086,62,-161.50042768657647,2026-01-29T14:56:51.178Z
-186.67570470466086,62.41999998688698,-161.50042768657647,2026-01-29T14:56:51.229Z
-186.67570470466086,62.7531999805212,-161.50042768657647,2026-01-29T14:56:51.280Z
-186.67570470466086,63.00133597911215,-161.50042768657647,2026-01-29T14:56:51.331Z
-186.67570470466086,63.166109260938214,-161.50042768657647,2026-01-29T14:56:51.381Z
-186.67570470466086,63.24918707874468,-161.50042768657647,2026-01-29T14:56:51.432Z
-186.67570470466086,63.17675927506424,-161.50042768657647,2026-01-29T14:56:51.535Z
-186.67570470466086,63.024424088213685,-161.50042768657647,2026-01-29T14:56:51.585Z
-186.67570470466086,62.7967356006687,-161.50042768657647,2026-01-29T14:56:51.636Z
-186.67570470466086,62.495200877005914,-161.50042768657647,2026-01-29T14:56:51.687Z
-186.67570470466086,62.121296840539195,-161.50042768657647,2026-01-29T14:56:51.737Z
-186.67570470466086,62,-161.50042768657647,2026-01-29T14:56:51.788Z
-186.67570470466086,62.41999998688698,-161.50042768657647,2026-01-29T14:56:51.838Z
-186.67570470466086,62.7531999805212,-161.50042768657647,2026-01-29T14:56:51.889Z
-186.67570470466086,63.00133597911215,-161.50042768657647,2026-01-29T14:56:51.940Z
-186.67570470466086,63.166109260938214,-161.50042768657647,2026-01-29T14:56:51.991Z
-186.67570470466086,63.24918707874468,-161.50042768657647,2026-01-29T14:56:52.043Z
-186.67570470466086,63.17675927506424,-161.50042768657647,2026-01-29T14:56:52.144Z
-186.67570470466086,63.024424088213685,-161.50042768657647,2026-01-29T14:56:52.196Z
-186.67570470466086,62.7967356006687,-161.50042768657647,2026-01-29T14:56:52.247Z
-186.67570470466086,62.495200877005914,-161.50042768657647,2026-01-29T14:56:52.297Z
-186.67570470466086,62.121296840539195,-161.50042768657647,2026-01-29T14:56:52.347Z
-186.67570470466086,62,-161.50042768657647,2026-01-29T14:56:52.399Z
-186.67570470466086,62.41999998688698,-161.50042768657647,2026-01-29T14:56:52.450Z
-186.67570470466086,62.7531999805212,-161.50042768657647,2026-01-29T14:56:52.501Z
-186.67570470466086,63.00133597911215,-161.50042768657647,2026-01-29T14:56:52.551Z
-186.67570470466086,63.166109260938214,-161.50042768657647,2026-01-29T14:56:52.552Z
-186.67570470466086,63.24918707874468,-161.50042768657647,2026-01-29T14:56:52.602Z
-186.67570470466086,63.17675927506424,-161.50042768657647,2026-01-29T14:56:52.704Z
-186.67570470466086,63.024424088213685,-161.50042768657647,2026-01-29T14:56:52.755Z
-186.67570470466086,62.7967356006687,-161.50042768657647,2026-01-29T14:56:52.805Z
-186.67570470466086,62.495200877005914,-161.50042768657647,2026-01-29T14:56:52.856Z
-186.67570470466086,62.121296840539195,-161.50042768657647,2026-01-29T14:56:52.906Z
-186.67570470466086,62,-161.50042768657647,2026-01-29T14:56:52.956Z
-186.67570470466086,62.41999998688698,-161.50042768657647,2026-01-29T14:56:53.006Z
-186.67570470466086,62.7531999805212,-161.50042768657647,2026-01-29T14:56:53.057Z
-186.67570470466086,63.00133597911215,-161.50042768657647,2026-01-29T14:56:53.106Z
-186.67570470466086,63.166109260938214,-161.50042768657647,2026-01-29T14:56:53.156Z
-186.67570470466086,63.24918707874468,-161.50042768657647,2026-01-29T14:56:53.206Z
-186.67570470466086,63.17675927506424,-161.50042768657647,2026-01-29T14:56:53.306Z
-186.67570470466086,63.024424088213685,-161.50042768657647,2026-01-29T14:56:53.356Z
-186.67570470466086,62.7967356006687,-161.50042768657647,2026-01-29T14:56:53.406Z
-186.67570470466086,62.495200877005914,-161.50042768657647,2026-01-29T14:56:53.456Z
-186.67570470466086,62.121296840539195,-161.50042768657647,2026-01-29T14:56:53.507Z
-186.67570470466086,62,-161.50042768657647,2026-01-29T14:56:53.558Z
-186.67570470466086,62.41999998688698,-161.50042768657647,2026-01-29T14:56:53.609Z
-186.67570470466086,62.7531999805212,-161.50042768657647,2026-01-29T14:56:53.660Z
-186.67570470466086,63.00133597911215,-161.50042768657647,2026-01-29T14:56:53.710Z
-186.67570470466086,63.166109260938214,-161.50042768657647,2026-01-29T14:56:53.760Z
-186.67570470466086,63.24918707874468,-161.50042768657647,2026-01-29T14:56:53.810Z
-186.67570470466086,63.17675927506424,-161.50042768657647,2026-01-29T14:56:53.910Z
-186.67570470466086,63.024424088213685,-161.50042768657647,2026-01-29T14:56:53.961Z
-186.67570470466086,62.7967356006687,-161.50042768657647,2026-01-29T14:56:54.012Z
-186.67570470466086,62.495200877005914,-161.50042768657647,2026-01-29T14:56:54.064Z
-186.67570470466086,62.121296840539195,-161.50042768657647,2026-01-29T14:56:54.128Z
-186.67570470466086,62,-161.50042768657647,2026-01-29T14:56:54.182Z
-186.67570470466086,62.41999998688698,-161.50042768657647,2026-01-29T14:56:54.216Z
-186.67570470466086,62.7531999805212,-161.50042768657647,2026-01-29T14:56:54.266Z
-186.67570470466086,63.00133597911215,-161.50042768657647,2026-01-29T14:56:54.316Z
-186.67570470466086,63.166109260938214,-161.50042768657647,2026-01-29T14:56:54.368Z
-186.67570470466086,63.24918707874468,-161.50042768657647,2026-01-29T14:56:54.419Z
-186.67570470466086,63.17675927506424,-161.50042768657647,2026-01-29T14:56:54.519Z
-186.67570470466086,63.024424088213685,-161.50042768657647,2026-01-29T14:56:54.570Z
-186.67570470466086,62.7967356006687,-161.50042768657647,2026-01-29T14:56:54.621Z
-186.67570470466086,62.495200877005914,-161.50042768657647,2026-01-29T14:56:54.672Z
-186.67570470466086,62.121296840539195,-161.50042768657647,2026-01-29T14:56:54.722Z
-186.67570470466086,62,-161.50042768657647,2026-01-29T14:56:54.773Z
-186.67570470466086,62.41999998688698,-161.50042768657647,2026-01-29T14:56:54.824Z
-186.67570470466086,62.7531999805212,-161.50042768657647,2026-01-29T14:56:54.876Z
-186.67570470466086,63.00133597911215,-161.50042768657647,2026-01-29T14:56:54.925Z
-186.67570470466086,63.166109260938214,-161.50042768657647,2026-01-29T14:56:54.976Z
-186.67570470466086,63.24918707874468,-161.50042768657647,2026-01-29T14:56:55.027Z
-186.67570470466086,63.17675927506424,-161.50042768657647,2026-01-29T14:56:55.128Z
-186.67570470466086,63.024424088213685,-161.50042768657647,2026-01-29T14:56:55.179Z
-186.67570470466086,62.7967356006687,-161.50042768657647,2026-01-29T14:56:55.231Z
-186.67570470466086,62.495200877005914,-161.50042768657647,2026-01-29T14:56:55.282Z
-186.67570470466086,62.121296840539195,-161.50042768657647,2026-01-29T14:56:55.333Z
-186.67570470466086,62,-161.50042768657647,2026-01-29T14:56:55.384Z
-186.67570470466086,62.41999998688698,-161.50042768657647,2026-01-29T14:56:55.434Z
-186.67570470466086,62.7531999805212,-161.50042768657647,2026-01-29T14:56:55.485Z
-186.67570470466086,63.00133597911215,-161.50042768657647,2026-01-29T14:56:55.536Z
-186.67570470466086,63.166109260938214,-161.50042768657647,2026-01-29T14:56:55.586Z
-186.67570470466086,63.24918707874468,-161.50042768657647,2026-01-29T14:56:55.637Z
-186.67570470466086,63.17675927506424,-161.50042768657647,2026-01-29T14:56:55.738Z
-186.67570470466086,63.024424088213685,-161.50042768657647,2026-01-29T14:56:55.789Z
-186.67570470466086,62.7967356006687,-161.50042768657647,2026-01-29T14:56:55.840Z
-186.67570470466086,62.495200877005914,-161.50042768657647,2026-01-29T14:56:55.891Z
-186.67570470466086,62.121296840539195,-161.50042768657647,2026-01-29T14:56:55.943Z
-186.67570470466086,62,-161.50042768657647,2026-01-29T14:56:55.993Z
-186.67570470466086,62.41999998688698,-161.50042768657647,2026-01-29T14:56:56.045Z
-186.67570470466086,62.7531999805212,-161.50042768657647,2026-01-29T14:56:56.095Z
-186.67570470466086,63.00133597911215,-161.50042768657647,2026-01-29T14:56:56.145Z
-186.67570470466086,63.166109260938214,-161.50042768657647,2026-01-29T14:56:56.195Z
-186.67570470466086,63.24918707874468,-161.50042768657647,2026-01-29T14:56:56.246Z
-186.67570470466086,63.17675927506424,-161.50042768657647,2026-01-29T14:56:56.347Z
-186.67570470466086,63.024424088213685,-161.50042768657647,2026-01-29T14:56:56.399Z
-186.67570470466086,62.7967356006687,-161.50042768657647,2026-01-29T14:56:56.449Z
-186.67570470466086,62.495200877005914,-161.50042768657647,2026-01-29T14:56:56.501Z
-186.67570470466086,62.121296840539195,-161.50042768657647,2026-01-29T14:56:56.551Z
-186.67570470466086,62,-161.50042768657647,2026-01-29T14:56:56.551Z
-186.67570470466086,62.41999998688698,-161.50042768657647,2026-01-29T14:56:56.602Z
-186.67570470466086,62.7531999805212,-161.50042768657647,2026-01-29T14:56:56.653Z
-186.67570470466086,63.00133597911215,-161.50042768657647,2026-01-29T14:56:56.704Z
-186.67570470466086,63.166109260938214,-161.50042768657647,2026-01-29T14:56:56.753Z
-186.67570470466086,63.24918707874468,-161.50042768657647,2026-01-29T14:56:56.803Z
-186.67570470466086,63.17675927506424,-161.50042768657647,2026-01-29T14:56:56.905Z
-186.67570470466086,63.024424088213685,-161.50042768657647,2026-01-29T14:56:56.955Z
-186.67570470466086,62.7967356006687,-161.50042768657647,2026-01-29T14:56:57.007Z
-186.67570470466086,62.495200877005914,-161.50042768657647,2026-01-29T14:56:57.058Z
-186.67570470466086,62.121296840539195,-161.50042768657647,2026-01-29T14:56:57.108Z
-186.67570470466086,62,-161.50042768657647,2026-01-29T14:56:57.158Z
-186.67570470466086,62.41999998688698,-161.50042768657647,2026-01-29T14:56:57.209Z
-186.67570470466086,62.7531999805212,-161.50042768657647,2026-01-29T14:56:57.260Z
-186.67570470466086,63.00133597911215,-161.50042768657647,2026-01-29T14:56:57.311Z
-186.67570470466086,63.166109260938214,-161.50042768657647,2026-01-29T14:56:57.362Z
-186.67570470466086,63.24918707874468,-161.50042768657647,2026-01-29T14:56:57.413Z
-186.67570470466086,63.17675927506424,-161.50042768657647,2026-01-29T14:56:57.514Z
-186.67570470466086,63.024424088213685,-161.50042768657647,2026-01-29T14:56:57.565Z
-186.67570470466086,62.7967356006687,-161.50042768657647,2026-01-29T14:56:57.616Z
-186.67570470466086,62.495200877005914,-161.50042768657647,2026-01-29T14:56:57.667Z
-186.67570470466086,62.121296840539195,-161.50042768657647,2026-01-29T14:56:57.719Z
-186.67570470466086,62,-161.50042768657647,2026-01-29T14:56:57.771Z
-186.67570470466086,62.41999998688698,-161.50042768657647,2026-01-29T14:56:57.822Z
-186.67570470466086,62.7531999805212,-161.50042768657647,2026-01-29T14:56:57.874Z
-186.67570470466086,63.00133597911215,-161.50042768657647,2026-01-29T14:56:57.924Z
-186.67570470466086,63.166109260938214,-161.50042768657647,2026-01-29T14:56:57.975Z
-186.67570470466086,63.24918707874468,-161.50042768657647,2026-01-29T14:56:58.026Z
-186.67570470466086,63.17675927506424,-161.50042768657647,2026-01-29T14:56:58.129Z
-186.67570470466086,63.024424088213685,-161.50042768657647,2026-01-29T14:56:58.179Z
-186.67570470466086,62.7967356006687,-161.50042768657647,2026-01-29T14:56:58.230Z
-186.67570470466086,62.495200877005914,-161.50042768657647,2026-01-29T14:56:58.281Z
-186.67570470466086,62.121296840539195,-161.50042768657647,2026-01-29T14:56:58.332Z
-186.67570470466086,62,-161.50042768657647,2026-01-29T14:56:58.383Z
-186.67570470466086,62.41999998688698,-161.50042768657647,2026-01-29T14:56:58.435Z
-186.67570470466086,62.7531999805212,-161.50042768657647,2026-01-29T14:56:58.486Z
-186.67570470466086,63.00133597911215,-161.50042768657647,2026-01-29T14:56:58.537Z
-186.67570470466086,63.166109260938214,-161.50042768657647,2026-01-29T14:56:58.587Z
-186.67570470466086,63.24918707874468,-161.50042768657647,2026-01-29T14:56:58.637Z
-186.67570470466086,63.17675927506424,-161.50042768657647,2026-01-29T14:56:58.739Z
-186.67570470466086,63.024424088213685,-161.50042768657647,2026-01-29T14:56:58.790Z
-186.67570470466086,62.7967356006687,-161.50042768657647,2026-01-29T14:56:58.841Z
-186.67570470466086,62.495200877005914,-161.50042768657647,2026-01-29T14:56:58.891Z
-186.67570470466086,62.121296840539195,-161.50042768657647,2026-01-29T14:56:58.942Z
-186.67570470466086,62,-161.50042768657647,2026-01-29T14:56:58.992Z
-186.67570470466086,62.41999998688698,-161.50042768657647,2026-01-29T14:56:59.043Z
-186.67570470466086,62.7531999805212,-161.50042768657647,2026-01-29T14:56:59.093Z
-186.67570470466086,63.00133597911215,-161.50042768657647,2026-01-29T14:56:59.144Z
-186.67570470466086,63.166109260938214,-161.50042768657647,2026-01-29T14:56:59.207Z
-186.67570470466086,63.24918707874468,-161.50042768657647,2026-01-29T14:56:59.246Z
-186.67570470466086,63.17675927506424,-161.50042768657647,2026-01-29T14:56:59.348Z
-186.67570470466086,63.024424088213685,-161.50042768657647,2026-01-29T14:56:59.399Z
-186.67570470466086,63.41999998688698,-161.50042768657647,2026-01-29T14:56:59.501Z
-186.67570470466086,63.7531999805212,-161.50042768657647,2026-01-29T14:56:59.552Z
-186.67570470466086,64.00133597911214,-161.50042768657647,2026-01-29T14:56:59.553Z
-186.67570470466086,64.16610926093821,-161.50042768657647,2026-01-29T14:56:59.603Z
-186.67570470466086,64.24918707874468,-161.50042768657647,2026-01-29T14:56:59.654Z
-186.67570470466086,64.17675927506424,-161.50042768657647,2026-01-29T14:56:59.756Z
-186.67570470466086,64.02442408821369,-161.50042768657647,2026-01-29T14:56:59.806Z
-186.67570470466086,63.796735600668704,-161.50042768657647,2026-01-29T14:56:59.856Z
-186.67570470466086,63.49520087700592,-161.50042768657647,2026-01-29T14:56:59.906Z
-186.67570470466086,63.1212968405392,-161.50042768657647,2026-01-29T14:56:59.956Z
-186.67570470466086,63,-161.50042768657647,2026-01-29T14:57:00.007Z
-186.67570470466086,63.41999998688698,-161.50042768657647,2026-01-29T14:57:00.056Z
-186.67570470466086,63.7531999805212,-161.50042768657647,2026-01-29T14:57:00.106Z
-186.67570470466086,64.00133597911214,-161.50042768657647,2026-01-29T14:57:00.156Z
-186.67570470466086,64.16610926093821,-161.50042768657647,2026-01-29T14:57:00.206Z
-186.67570470466086,64.24918707874468,-161.50042768657647,2026-01-29T14:57:00.256Z
-186.67570470466086,64.17675927506424,-161.50042768657647,2026-01-29T14:57:00.356Z
-186.67570470466086,64.02442408821369,-161.50042768657647,2026-01-29T14:57:00.406Z
-186.67570470466086,63.796735600668704,-161.50042768657647,2026-01-29T14:57:00.456Z
-186.67570470466086,63.49520087700592,-161.50042768657647,2026-01-29T14:57:00.506Z
-186.67570470466086,63.1212968405392,-161.50042768657647,2026-01-29T14:57:00.556Z
-186.67570470466086,63,-161.50042768657647,2026-01-29T14:57:00.606Z
-186.67570470466086,63.41999998688698,-161.50042768657647,2026-01-29T14:57:00.656Z
-186.67570470466086,63.7531999805212,-161.50042768657647,2026-01-29T14:57:00.705Z
-186.67570470466086,64.00133597911214,-161.50042768657647,2026-01-29T14:57:00.756Z
-186.67570470466086,64.16610926093821,-161.50042768657647,2026-01-29T14:57:00.806Z
-186.67570470466086,64.24918707874468,-161.50042768657647,2026-01-29T14:57:00.856Z
-186.67570470466086,64.17675927506424,-161.50042768657647,2026-01-29T14:57:00.957Z
-186.67570470466086,64.02442408821369,-161.50042768657647,2026-01-29T14:57:01.007Z
-186.67570470466086,63.796735600668704,-161.50042768657647,2026-01-29T14:57:01.058Z
-186.67570470466086,63.49520087700592,-161.50042768657647,2026-01-29T14:57:01.108Z
-186.67570470466086,63.1212968405392,-161.50042768657647,2026-01-29T14:57:01.158Z
-186.67570470466086,63,-161.50042768657647,2026-01-29T14:57:01.208Z
-186.67570470466086,63.41999998688698,-161.50042768657647,2026-01-29T14:57:01.259Z
-186.67570470466086,63.7531999805212,-161.50042768657647,2026-01-29T14:57:01.309Z
-186.67570470466086,64.00133597911214,-161.50042768657647,2026-01-29T14:57:01.360Z
-186.67570470466086,64.16610926093821,-161.50042768657647,2026-01-29T14:57:01.411Z
-186.67570470466086,64.24918707874468,-161.50042768657647,2026-01-29T14:57:01.461Z
-186.67570470466086,64.17675927506424,-161.50042768657647,2026-01-29T14:57:01.562Z
-186.67570470466086,64.02442408821369,-161.50042768657647,2026-01-29T14:57:01.613Z
-186.67570470466086,63.796735600668704,-161.50042768657647,2026-01-29T14:57:01.663Z
-186.67570470466086,63.49520087700592,-161.50042768657647,2026-01-29T14:57:01.714Z
-186.67570470466086,63.1212968405392,-161.50042768657647,2026-01-29T14:57:01.765Z
-186.67570470466086,63,-161.50042768657647,2026-01-29T14:57:01.815Z
-186.67570470466086,63.41999998688698,-161.50042768657647,2026-01-29T14:57:01.866Z
-186.67570470466086,63.7531999805212,-161.50042768657647,2026-01-29T14:57:01.918Z
-186.67570470466086,64.00133597911214,-161.50042768657647,2026-01-29T14:57:01.969Z
-186.67570470466086,64.16610926093821,-161.50042768657647,2026-01-29T14:57:02.019Z
-186.67570470466086,64.24918707874468,-161.50042768657647,2026-01-29T14:57:02.070Z
-186.67570470466086,64.17675927506424,-161.50042768657647,2026-01-29T14:57:02.172Z
-186.67570470466086,64.02442408821369,-161.50042768657647,2026-01-29T14:57:02.222Z
-186.67570470466086,63.796735600668704,-161.50042768657647,2026-01-29T14:57:02.273Z
-186.67570470466086,63.49520087700592,-161.50042768657647,2026-01-29T14:57:02.324Z
-186.67570470466086,63.1212968405392,-161.50042768657647,2026-01-29T14:57:02.376Z
-186.67570470466086,63,-161.50042768657647,2026-01-29T14:57:02.425Z
-186.67570470466086,63.41999998688698,-161.50042768657647,2026-01-29T14:57:02.476Z
-186.67570470466086,63.7531999805212,-161.50042768657647,2026-01-29T14:57:02.527Z
-186.67570470466086,64.00133597911214,-161.50042768657647,2026-01-29T14:57:02.579Z
-186.67570470466086,64.16610926093821,-161.50042768657647,2026-01-29T14:57:02.630Z
-186.67570470466086,64.24918707874468,-161.50042768657647,2026-01-29T14:57:02.680Z
-186.67570470466086,64.17675927506424,-161.50042768657647,2026-01-29T14:57:02.783Z
-186.67570470466086,64.02442408821369,-161.50042768657647,2026-01-29T14:57:02.833Z
-186.67570470466086,63.796735600668704,-161.50042768657647,2026-01-29T14:57:02.884Z
-186.67570470466086,63.49520087700592,-161.50042768657647,2026-01-29T14:57:02.936Z
-186.67570470466086,63.1212968405392,-161.50042768657647,2026-01-29T14:57:02.986Z
-186.67570470466086,63,-161.50042768657647,2026-01-29T14:57:03.038Z
-186.67570470466086,63.41999998688698,-161.50042768657647,2026-01-29T14:57:03.088Z
-186.67570470466086,63.7531999805212,-161.50042768657647,2026-01-29T14:57:03.139Z
-186.67570470466086,64.00133597911214,-161.50042768657647,2026-01-29T14:57:03.189Z
-186.67570470466086,64.16610926093821,-161.50042768657647,2026-01-29T14:57:03.240Z
-186.67570470466086,64.24918707874468,-161.50042768657647,2026-01-29T14:57:03.292Z
-186.67570470466086,64.17675927506424,-161.50042768657647,2026-01-29T14:57:03.392Z
-186.67570470466086,64.02442408821369,-161.50042768657647,2026-01-29T14:57:03.443Z
-186.67570470466086,63.796735600668704,-161.50042768657647,2026-01-29T14:57:03.495Z
-186.67570470466086,63.49520087700592,-161.50042768657647,2026-01-29T14:57:03.546Z
-186.67570470466086,63.1212968405392,-161.50042768657647,2026-01-29T14:57:03.597Z
-186.67570470466086,63,-161.50042768657647,2026-01-29T14:57:03.648Z
-186.67570470466086,63.41999998688698,-161.50042768657647,2026-01-29T14:57:03.700Z
-186.67570470466086,63.7531999805212,-161.50042768657647,2026-01-29T14:57:03.752Z
-186.67570470466086,64.00133597911214,-161.50042768657647,2026-01-29T14:57:03.753Z
-186.67570470466086,64.16610926093821,-161.50042768657647,2026-01-29T14:57:03.803Z
-186.67570470466086,64.24918707874468,-161.50042768657647,2026-01-29T14:57:03.853Z
-186.67570470466086,64.17675927506424,-161.50042768657647,2026-01-29T14:57:03.955Z
-186.67570470466086,64.02442408821369,-161.50042768657647,2026-01-29T14:57:04.005Z
-186.67570470466086,63.796735600668704,-161.50042768657647,2026-01-29T14:57:04.055Z
-186.67570470466086,63.49520087700592,-161.50042768657647,2026-01-29T14:57:04.105Z
-186.67570470466086,63.1212968405392,-161.50042768657647,2026-01-29T14:57:04.155Z
-186.67570470466086,63,-161.50042768657647,2026-01-29T14:57:04.206Z
-186.67570470466086,63.41999998688698,-161.50042768657647,2026-01-29T14:57:04.305Z
-186.67570470466086,63.7531999805212,-161.50042768657647,2026-01-29T14:57:04.368Z
-186.67570470466086,64.00133597911214,-161.50042768657647,2026-01-29T14:57:04.405Z
-186.67570470466086,64.16610926093821,-161.50042768657647,2026-01-29T14:57:04.466Z
-186.67570470466086,64.24918707874468,-161.50042768657647,2026-01-29T14:57:04.505Z
-186.67570470466086,64.17675927506424,-161.50042768657647,2026-01-29T14:57:04.606Z
-186.67570470466086,64.02442408821369,-161.50042768657647,2026-01-29T14:57:04.656Z
-186.67570470466086,64.41999998688698,-161.50042768657647,2026-01-29T14:57:04.755Z
-186.67570470466086,64.7531999805212,-161.50042768657647,2026-01-29T14:57:04.805Z
-186.67570470466086,65.00133597911214,-161.50042768657647,2026-01-29T14:57:04.856Z
-186.67570470466086,65.16610926093821,-161.50042768657647,2026-01-29T14:57:04.906Z
-186.67570470466086,65.24918707874468,-161.50042768657647,2026-01-29T14:57:04.956Z
-186.67570470466086,65.17675927506424,-161.50042768657647,2026-01-29T14:57:05.056Z
-186.67570470466086,65.02442408821369,-161.50042768657647,2026-01-29T14:57:05.107Z
-186.67570470466086,64.79673560066871,-161.50042768657647,2026-01-29T14:57:05.156Z
-186.67570470466086,64.49520087700593,-161.50042768657647,2026-01-29T14:57:05.206Z
-186.67570470466086,64.1212968405392,-161.50042768657647,2026-01-29T14:57:05.256Z
-186.67570470466086,64,-161.50042768657647,2026-01-29T14:57:05.306Z
-186.67570470466086,64.41999998688698,-161.50042768657647,2026-01-29T14:57:05.357Z
-186.67570470466086,64.7531999805212,-161.50042768657647,2026-01-29T14:57:05.408Z
-186.67570470466086,65.00133597911214,-161.50042768657647,2026-01-29T14:57:05.458Z
-186.67570470466086,65.16610926093821,-161.50042768657647,2026-01-29T14:57:05.509Z
-186.67570470466086,65.24918707874468,-161.50042768657647,2026-01-29T14:57:05.559Z
-186.67570470466086,65.17675927506424,-161.50042768657647,2026-01-29T14:57:05.658Z
-186.67570470466086,65.02442408821369,-161.50042768657647,2026-01-29T14:57:05.709Z
-186.67570470466086,64.79673560066871,-161.50042768657647,2026-01-29T14:57:05.759Z
-186.67570470466086,64.49520087700593,-161.50042768657647,2026-01-29T14:57:05.809Z
-186.67570470466086,64.1212968405392,-161.50042768657647,2026-01-29T14:57:05.860Z
-186.67570470466086,64,-161.50042768657647,2026-01-29T14:57:05.910Z
-186.67570470466086,64.41999998688698,-161.50042768657647,2026-01-29T14:57:05.960Z
-186.67570470466086,64.7531999805212,-161.50042768657647,2026-01-29T14:57:06.011Z
-186.67570470466086,65.00133597911214,-161.50042768657647,2026-01-29T14:57:06.061Z
-186.67570470466086,65.16610926093821,-161.50042768657647,2026-01-29T14:57:06.112Z
-186.67570470466086,65.24918707874468,-161.50042768657647,2026-01-29T14:57:06.163Z
-186.67570470466086,65.17675927506424,-161.50042768657647,2026-01-29T14:57:06.265Z
-186.67570470466086,65.02442408821369,-161.50042768657647,2026-01-29T14:57:06.315Z
-186.67570470466086,64.79673560066871,-161.50042768657647,2026-01-29T14:57:06.366Z
-186.67570470466086,64.49520087700593,-161.50042768657647,2026-01-29T14:57:06.417Z
-186.67570470466086,64.1212968405392,-161.50042768657647,2026-01-29T14:57:06.469Z
-186.67570470466086,64,-161.50042768657647,2026-01-29T14:57:06.519Z
-186.67570470466086,64.41999998688698,-161.50042768657647,2026-01-29T14:57:06.570Z
-186.67570470466086,64.7531999805212,-161.50042768657647,2026-01-29T14:57:06.620Z
-186.67570470466086,65.00133597911214,-161.50042768657647,2026-01-29T14:57:06.670Z
-186.67570470466086,65.16610926093821,-161.50042768657647,2026-01-29T14:57:06.722Z
-186.67570470466086,65.24918707874468,-161.50042768657647,2026-01-29T14:57:06.772Z
-186.67570470466086,65.17675927506424,-161.50042768657647,2026-01-29T14:57:06.875Z
-186.67570470466086,65.02442408821369,-161.50042768657647,2026-01-29T14:57:06.928Z
-186.67570470466086,64.79673560066871,-161.50042768657647,2026-01-29T14:57:06.978Z
-186.67570470466086,64.49520087700593,-161.50042768657647,2026-01-29T14:57:07.030Z
-186.67570470466086,64.1212968405392,-161.50042768657647,2026-01-29T14:57:07.080Z
-186.67570470466086,64,-161.50042768657647,2026-01-29T14:57:07.131Z
-186.67570470466086,64.41999998688698,-161.50042768657647,2026-01-29T14:57:07.182Z
-186.67570470466086,64.7531999805212,-161.50042768657647,2026-01-29T14:57:07.233Z
-186.67570470466086,65.00133597911214,-161.50042768657647,2026-01-29T14:57:07.285Z
-186.67570470466086,65.16610926093821,-161.50042768657647,2026-01-29T14:57:07.335Z
-186.67570470466086,65.24918707874468,-161.50042768657647,2026-01-29T14:57:07.386Z
-186.67570470466086,65.17675927506424,-161.50042768657647,2026-01-29T14:57:07.488Z
-186.67570470466086,65.02442408821369,-161.50042768657647,2026-01-29T14:57:07.539Z
-186.67570470466086,64.79673560066871,-161.50042768657647,2026-01-29T14:57:07.590Z
-186.67570470466086,64.49520087700593,-161.50042768657647,2026-01-29T14:57:07.641Z
-186.67570470466086,64.1212968405392,-161.50042768657647,2026-01-29T14:57:07.692Z
-186.67570470466086,64,-161.50042768657647,2026-01-29T14:57:07.744Z
-186.67570470466086,64.41999998688698,-161.50042768657647,2026-01-29T14:57:07.794Z
-186.67570470466086,64.7531999805212,-161.50042768657647,2026-01-29T14:57:07.845Z
-186.67570470466086,65.00133597911214,-161.50042768657647,2026-01-29T14:57:07.897Z
-186.67570470466086,65.16610926093821,-161.50042768657647,2026-01-29T14:57:07.948Z
-186.67570470466086,65.24918707874468,-161.50042768657647,2026-01-29T14:57:07.998Z
-186.67570470466086,65.17675927506424,-161.50042768657647,2026-01-29T14:57:08.099Z
-186.67570470466086,65.02442408821369,-161.50042768657647,2026-01-29T14:57:08.151Z
-186.67570470466086,64.79673560066871,-161.50042768657647,2026-01-29T14:57:08.201Z
-186.67570470466086,64.49520087700593,-161.50042768657647,2026-01-29T14:57:08.202Z
-186.67570470466086,64.1212968405392,-161.50042768657647,2026-01-29T14:57:08.252Z
-186.67570470466086,64,-161.50042768657647,2026-01-29T14:57:08.302Z
-186.67570470466086,64.41999998688698,-161.50042768657647,2026-01-29T14:57:08.353Z
-186.67570470466086,64.7531999805212,-161.50042768657647,2026-01-29T14:57:08.404Z
-186.67570470466086,65.00133597911214,-161.50042768657647,2026-01-29T14:57:08.454Z
-186.67570470466086,65.16610926093821,-161.50042768657647,2026-01-29T14:57:08.505Z
-186.67570470466086,65.24918707874468,-161.50042768657647,2026-01-29T14:57:08.555Z
-186.67570470466086,65.17675927506424,-161.50042768657647,2026-01-29T14:57:08.655Z
-186.67570470466086,65.02442408821369,-161.50042768657647,2026-01-29T14:57:08.705Z
-186.67570470466086,64.79673560066871,-161.50042768657647,2026-01-29T14:57:08.756Z
-186.67570470466086,64.49520087700593,-161.50042768657647,2026-01-29T14:57:08.806Z
-186.67570470466086,64.1212968405392,-161.50042768657647,2026-01-29T14:57:08.856Z
-186.67570470466086,64,-161.50042768657647,2026-01-29T14:57:08.906Z
-186.67570470466086,64.41999998688698,-161.50042768657647,2026-01-29T14:57:08.956Z
-186.67570470466086,64.7531999805212,-161.50042768657647,2026-01-29T14:57:09.006Z
-186.67570470466086,65.00133597911214,-161.50042768657647,2026-01-29T14:57:09.056Z
-186.67570470466086,65.16610926093821,-161.50042768657647,2026-01-29T14:57:09.107Z
-186.67570470466086,65.24918707874468,-161.50042768657647,2026-01-29T14:57:09.157Z
-186.67570470466086,65.17675927506424,-161.50042768657647,2026-01-29T14:57:09.259Z
-186.67570470466086,65.02442408821369,-161.50042768657647,2026-01-29T14:57:09.309Z
-186.67570470466086,64.79673560066871,-161.50042768657647,2026-01-29T14:57:09.358Z
-186.67570470466086,64.49520087700593,-161.50042768657647,2026-01-29T14:57:09.408Z
-186.67570470466086,64.1212968405392,-161.50042768657647,2026-01-29T14:57:09.458Z
-186.67570470466086,64,-161.50042768657647,2026-01-29T14:57:09.518Z
-186.67570470466086,64.41999998688698,-161.50042768657647,2026-01-29T14:57:09.559Z
-186.67570470466086,64.7531999805212,-161.50042768657647,2026-01-29T14:57:09.610Z
-186.67570470466086,65.00133597911214,-161.50042768657647,2026-01-29T14:57:09.660Z
-186.67570470466086,65.16610926093821,-161.50042768657647,2026-01-29T14:57:09.710Z
-186.67570470466086,65.24918707874468,-161.50042768657647,2026-01-29T14:57:09.759Z
-186.67570470466086,65.17675927506424,-161.50042768657647,2026-01-29T14:57:09.861Z
-186.67570470466086,65.02442408821369,-161.50042768657647,2026-01-29T14:57:09.912Z
-186.67570470466086,64.79673560066871,-161.50042768657647,2026-01-29T14:57:09.963Z
-186.67570470466086,64.49520087700593,-161.50042768657647,2026-01-29T14:57:10.014Z
-186.67570470466086,64.1212968405392,-161.50042768657647,2026-01-29T14:57:10.064Z
-186.67570470466086,64,-161.50042768657647,2026-01-29T14:57:10.115Z
-186.67570470466086,64.41999998688698,-161.50042768657647,2026-01-29T14:57:10.165Z
-186.67570470466086,64.7531999805212,-161.50042768657647,2026-01-29T14:57:10.216Z
-186.67570470466086,65.00133597911214,-161.50042768657647,2026-01-29T14:57:10.267Z
-186.67570470466086,65.16610926093821,-161.50042768657647,2026-01-29T14:57:10.317Z
-186.67570470466086,65.24918707874468,-161.50042768657647,2026-01-29T14:57:10.368Z
-186.67570470466086,65.17675927506424,-161.50042768657647,2026-01-29T14:57:10.470Z
-186.67570470466086,65.02442408821369,-161.50042768657647,2026-01-29T14:57:10.522Z
-186.67570470466086,64.79673560066871,-161.50042768657647,2026-01-29T14:57:10.573Z
-186.67570470466086,64.49520087700593,-161.50042768657647,2026-01-29T14:57:10.624Z
-186.67570470466086,64.1212968405392,-161.50042768657647,2026-01-29T14:57:10.676Z
-186.67570470466086,64,-161.50042768657647,2026-01-29T14:57:10.726Z
-186.67570470466086,64.41999998688698,-161.50042768657647,2026-01-29T14:57:10.777Z
-186.67570470466086,64.7531999805212,-161.50042768657647,2026-01-29T14:57:10.828Z
-186.67570470466086,65.00133597911214,-161.50042768657647,2026-01-29T14:57:10.879Z
-186.67570470466086,65.16610926093821,-161.50042768657647,2026-01-29T14:57:10.929Z
-186.67570470466086,65.24918707874468,-161.50042768657647,2026-01-29T14:57:10.980Z
-186.67570470466086,65.17675927506424,-161.50042768657647,2026-01-29T14:57:11.082Z
-186.67570470466086,65.02442408821369,-161.50042768657647,2026-01-29T14:57:11.133Z
-186.67570470466086,64.79673560066871,-161.50042768657647,2026-01-29T14:57:11.183Z
-186.67570470466086,64.49520087700593,-161.50042768657647,2026-01-29T14:57:11.234Z
-186.67570470466086,64.1212968405392,-161.50042768657647,2026-01-29T14:57:11.285Z
-186.67570470466086,64,-161.50042768657647,2026-01-29T14:57:11.336Z
-186.67570470466086,64.41999998688698,-161.50042768657647,2026-01-29T14:57:11.386Z
-186.67570470466086,64.7531999805212,-161.50042768657647,2026-01-29T14:57:11.438Z
-186.67570470466086,65.00133597911214,-161.50042768657647,2026-01-29T14:57:11.489Z
-186.67570470466086,65.16610926093821,-161.50042768657647,2026-01-29T14:57:11.540Z
-186.67570470466086,65.24918707874468,-161.50042768657647,2026-01-29T14:57:11.591Z
-186.67570470466086,65.17675927506424,-161.50042768657647,2026-01-29T14:57:11.693Z
-186.67570470466086,65.02442408821369,-161.50042768657647,2026-01-29T14:57:11.744Z
-186.67570470466086,64.79673560066871,-161.50042768657647,2026-01-29T14:57:11.796Z
-186.67570470466086,64.49520087700593,-161.50042768657647,2026-01-29T14:57:11.846Z
-186.67570470466086,64.1212968405392,-161.50042768657647,2026-01-29T14:57:11.897Z
-186.67570470466086,64,-161.50042768657647,2026-01-29T14:57:11.948Z
-186.67570470466086,64.41999998688698,-161.50042768657647,2026-01-29T14:57:11.999Z
-186.67570470466086,64.7531999805212,-161.50042768657647,2026-01-29T14:57:12.049Z
-186.67570470466086,65.00133597911214,-161.50042768657647,2026-01-29T14:57:12.101Z
-186.67570470466086,65.16610926093821,-161.50042768657647,2026-01-29T14:57:12.151Z
-186.67570470466086,65.24918707874468,-161.50042768657647,2026-01-29T14:57:12.203Z
-186.67570470466086,65.17675927506424,-161.50042768657647,2026-01-29T14:57:12.254Z
-186.67570470466086,65.02442408821369,-161.50042768657647,2026-01-29T14:57:12.304Z
-186.67570470466086,64.79673560066871,-161.50042768657647,2026-01-29T14:57:12.355Z
-186.67570470466086,64.49520087700593,-161.50042768657647,2026-01-29T14:57:12.405Z
-186.67570470466086,64.1212968405392,-161.50042768657647,2026-01-29T14:57:12.455Z
-186.67570470466086,64,-161.50042768657647,2026-01-29T14:57:12.505Z
-186.67570470466086,64.41999998688698,-161.50042768657647,2026-01-29T14:57:12.555Z
-186.67570470466086,64.7531999805212,-161.50042768657647,2026-01-29T14:57:12.606Z
-186.67570470466086,65.00133597911214,-161.50042768657647,2026-01-29T14:57:12.656Z
-186.67570470466086,65.16610926093821,-161.50042768657647,2026-01-29T14:57:12.706Z
-186.67570470466086,65.24918707874468,-161.50042768657647,2026-01-29T14:57:12.756Z
-186.67570470466086,65.17675927506424,-161.50042768657647,2026-01-29T14:57:12.856Z
-186.67570470466086,65.02442408821369,-161.50042768657647,2026-01-29T14:57:12.906Z
-186.67570470466086,64.79673560066871,-161.50042768657647,2026-01-29T14:57:12.957Z
-186.67570470466086,64.49520087700593,-161.50042768657647,2026-01-29T14:57:13.007Z
-186.67570470466086,64.1212968405392,-161.50042768657647,2026-01-29T14:57:13.056Z
-186.67570470466086,64,-161.50042768657647,2026-01-29T14:57:13.106Z
-186.67570470466086,64.41999998688698,-161.50042768657647,2026-01-29T14:57:13.157Z
-186.67570470466086,64.7531999805212,-161.50042768657647,2026-01-29T14:57:13.208Z
-186.67570470466086,65.00133597911214,-161.50042768657647,2026-01-29T14:57:13.257Z
-186.67570470466086,65.16610926093821,-161.50042768657647,2026-01-29T14:57:13.307Z
-186.67570470466086,65.24918707874468,-161.50042768657647,2026-01-29T14:57:13.357Z
-186.67570470466086,65.17675927506424,-161.50042768657647,2026-01-29T14:57:13.459Z
-186.67570470466086,65.02442408821369,-161.50042768657647,2026-01-29T14:57:13.510Z
-186.67570470466086,64.79673560066871,-161.50042768657647,2026-01-29T14:57:13.561Z
-186.67570470466086,64.49520087700593,-161.50042768657647,2026-01-29T14:57:13.611Z
-186.67570470466086,64.1212968405392,-161.50042768657647,2026-01-29T14:57:13.662Z
-186.67570470466086,64,-161.50042768657647,2026-01-29T14:57:13.712Z
-186.67570470466086,64.41999998688698,-161.50042768657647,2026-01-29T14:57:13.763Z
-186.67570470466086,64.7531999805212,-161.50042768657647,2026-01-29T14:57:13.815Z
-186.67570470466086,65.00133597911214,-161.50042768657647,2026-01-29T14:57:13.866Z
-186.67570470466086,65.16610926093821,-161.50042768657647,2026-01-29T14:57:13.917Z
-186.67570470466086,65.24918707874468,-161.50042768657647,2026-01-29T14:57:13.968Z
-186.67570470466086,65.17675927506424,-161.50042768657647,2026-01-29T14:57:14.070Z
-186.67570470466086,65.02442408821369,-161.50042768657647,2026-01-29T14:57:14.121Z
-186.67570470466086,64.79673560066871,-161.50042768657647,2026-01-29T14:57:14.173Z
-186.67570470466086,64.49520087700593,-161.50042768657647,2026-01-29T14:57:14.223Z
-186.67570470466086,64.1212968405392,-161.50042768657647,2026-01-29T14:57:14.273Z
-186.67570470466086,64,-161.50042768657647,2026-01-29T14:57:14.324Z
-186.67570470466086,64.41999998688698,-161.50042768657647,2026-01-29T14:57:14.376Z
-186.67570470466086,64.7531999805212,-161.50042768657647,2026-01-29T14:57:14.427Z
-186.67570470466086,65.00133597911214,-161.50042768657647,2026-01-29T14:57:14.477Z
-186.67570470466086,65.16610926093821,-161.50042768657647,2026-01-29T14:57:14.529Z
-186.67570470466086,65.24918707874468,-161.50042768657647,2026-01-29T14:57:14.579Z
-186.67570470466086,65.17675927506424,-161.50042768657647,2026-01-29T14:57:14.682Z
-186.67570470466086,65.02442408821369,-161.50042768657647,2026-01-29T14:57:14.741Z
-186.67570470466086,65.41999998688698,-161.50042768657647,2026-01-29T14:57:14.834Z
-186.67570470466086,65.7531999805212,-161.50042768657647,2026-01-29T14:57:14.885Z
-186.67570470466086,66.00133597911214,-161.50042768657647,2026-01-29T14:57:14.935Z
-186.67570470466086,66.16610926093821,-161.50042768657647,2026-01-29T14:57:14.986Z
-186.67570470466086,66.24918707874468,-161.50042768657647,2026-01-29T14:57:15.036Z
-186.67570470466086,66.17675927506424,-161.50042768657647,2026-01-29T14:57:15.137Z
-186.67570470466086,66.02442408821369,-161.50042768657647,2026-01-29T14:57:15.188Z
-186.67570470466086,65.79673560066871,-161.50042768657647,2026-01-29T14:57:15.238Z
-186.67570470466086,65.49520087700593,-161.50042768657647,2026-01-29T14:57:15.290Z
-186.67570470466086,65.1212968405392,-161.50042768657647,2026-01-29T14:57:15.342Z
-186.67570470466086,65,-161.50042768657647,2026-01-29T14:57:15.393Z
-186.67570470466086,65.41999998688698,-161.50042768657647,2026-01-29T14:57:15.444Z
-186.67570470466086,65.7531999805212,-161.50042768657647,2026-01-29T14:57:15.495Z
-186.67570470466086,66.00133597911214,-161.50042768657647,2026-01-29T14:57:15.545Z
-186.67570470466086,66.16610926093821,-161.50042768657647,2026-01-29T14:57:15.596Z
-186.67570470466086,66.24918707874468,-161.50042768657647,2026-01-29T14:57:15.648Z
-186.67570470466086,66.17675927506424,-161.50042768657647,2026-01-29T14:57:15.751Z
-186.67570470466086,66.02442408821369,-161.50042768657647,2026-01-29T14:57:15.801Z
-186.67570470466086,65.79673560066871,-161.50042768657647,2026-01-29T14:57:15.802Z
-186.67570470466086,65.49520087700593,-161.50042768657647,2026-01-29T14:57:15.852Z
-186.67570470466086,65.1212968405392,-161.50042768657647,2026-01-29T14:57:15.904Z
-186.67570470466086,65,-161.50042768657647,2026-01-29T14:57:15.954Z
-186.67570470466086,65.41999998688698,-161.50042768657647,2026-01-29T14:57:16.006Z
-186.67570470466086,65.7531999805212,-161.50042768657647,2026-01-29T14:57:16.055Z
-186.67570470466086,66.00133597911214,-161.50042768657647,2026-01-29T14:57:16.105Z
-186.67570470466086,66.16610926093821,-161.50042768657647,2026-01-29T14:57:16.155Z
-186.67570470466086,66.24918707874468,-161.50042768657647,2026-01-29T14:57:16.205Z
-186.67570470466086,66.17675927506424,-161.50042768657647,2026-01-29T14:57:16.305Z
-186.67570470466086,66.02442408821369,-161.50042768657647,2026-01-29T14:57:16.356Z
-186.67570470466086,65.79673560066871,-161.50042768657647,2026-01-29T14:57:16.405Z
-186.67570470466086,65.49520087700593,-161.50042768657647,2026-01-29T14:57:16.455Z
-186.67570470466086,65.1212968405392,-161.50042768657647,2026-01-29T14:57:16.505Z
-186.67570470466086,65,-161.50042768657647,2026-01-29T14:57:16.556Z
-186.67570470466086,65.41999998688698,-161.50042768657647,2026-01-29T14:57:16.605Z
-186.67570470466086,65.7531999805212,-161.50042768657647,2026-01-29T14:57:16.654Z
-186.67570470466086,66.00133597911214,-161.50042768657647,2026-01-29T14:57:16.706Z
-186.67570470466086,66.16610926093821,-161.50042768657647,2026-01-29T14:57:16.755Z
-186.67570470466086,66.24918707874468,-161.50042768657647,2026-01-29T14:57:16.805Z
-186.67570470466086,66.17675927506424,-161.50042768657647,2026-01-29T14:57:16.906Z
-186.67570470466086,66.02442408821369,-161.50042768657647,2026-01-29T14:57:16.956Z
-186.67570470466086,65.79673560066871,-161.50042768657647,2026-01-29T14:57:17.006Z
-186.67570470466086,65.49520087700593,-161.50042768657647,2026-01-29T14:57:17.056Z
-186.67570470466086,65.1212968405392,-161.50042768657647,2026-01-29T14:57:17.106Z
-186.67570470466086,65,-161.50042768657647,2026-01-29T14:57:17.157Z
-186.67570470466086,65.41999998688698,-161.50042768657647,2026-01-29T14:57:17.207Z
-186.67570470466086,65.7531999805212,-161.50042768657647,2026-01-29T14:57:17.257Z
-186.67570470466086,66.00133597911214,-161.50042768657647,2026-01-29T14:57:17.308Z
-186.67570470466086,66.16610926093821,-161.50042768657647,2026-01-29T14:57:17.358Z
-186.67570470466086,66.24918707874468,-161.50042768657647,2026-01-29T14:57:17.408Z
-186.67570470466086,66.17675927506424,-161.50042768657647,2026-01-29T14:57:17.509Z
-186.67570470466086,66.02442408821369,-161.50042768657647,2026-01-29T14:57:17.559Z
-186.67570470466086,65.79673560066871,-161.50042768657647,2026-01-29T14:57:17.609Z
-186.67570470466086,65.49520087700593,-161.50042768657647,2026-01-29T14:57:17.660Z
-186.67570470466086,65.1212968405392,-161.50042768657647,2026-01-29T14:57:17.710Z
-186.67570470466086,65,-161.50042768657647,2026-01-29T14:57:17.761Z
-186.67570470466086,65.41999998688698,-161.50042768657647,2026-01-29T14:57:17.812Z
-186.67570470466086,65.7531999805212,-161.50042768657647,2026-01-29T14:57:17.863Z
-186.67570470466086,66.00133597911214,-161.50042768657647,2026-01-29T14:57:17.914Z
-186.67570470466086,66.16610926093821,-161.50042768657647,2026-01-29T14:57:17.965Z
-186.67570470466086,66.24918707874468,-161.50042768657647,2026-01-29T14:57:18.016Z
-186.67570470466086,66.17675927506424,-161.50042768657647,2026-01-29T14:57:18.118Z
-186.67570470466086,66.02442408821369,-161.50042768657647,2026-01-29T14:57:18.169Z
-186.67570470466086,65.79673560066871,-161.50042768657647,2026-01-29T14:57:18.220Z
-186.67570470466086,65.49520087700593,-161.50042768657647,2026-01-29T14:57:18.271Z
-186.67570470466086,65.1212968405392,-161.50042768657647,2026-01-29T14:57:18.322Z
-186.67570470466086,65,-161.50042768657647,2026-01-29T14:57:18.373Z
-186.67570470466086,65.41999998688698,-161.50042768657647,2026-01-29T14:57:18.424Z
-186.67570470466086,65.7531999805212,-161.50042768657647,2026-01-29T14:57:18.476Z
-186.67570470466086,66.00133597911214,-161.50042768657647,2026-01-29T14:57:18.528Z
-186.67570470466086,66.16610926093821,-161.50042768657647,2026-01-29T14:57:18.579Z
-186.67570470466086,66.24918707874468,-161.50042768657647,2026-01-29T14:57:18.630Z
-186.67570470466086,66.17675927506424,-161.50042768657647,2026-01-29T14:57:18.731Z
-186.67570470466086,66.02442408821369,-161.50042768657647,2026-01-29T14:57:18.783Z
-186.67570470466086,65.79673560066871,-161.50042768657647,2026-01-29T14:57:18.834Z
-186.67570470466086,65.49520087700593,-161.50042768657647,2026-01-29T14:57:18.885Z
-186.67570470466086,65.1212968405392,-161.50042768657647,2026-01-29T14:57:18.935Z
-186.67570470466086,65,-161.50042768657647,2026-01-29T14:57:18.986Z
-186.67570470466086,65.41999998688698,-161.50042768657647,2026-01-29T14:57:19.038Z
-186.67570470466086,65.7531999805212,-161.50042768657647,2026-01-29T14:57:19.089Z
-186.67570470466086,66.00133597911214,-161.50042768657647,2026-01-29T14:57:19.140Z
-186.67570470466086,66.16610926093821,-161.50042768657647,2026-01-29T14:57:19.190Z
-186.67570470466086,66.24918707874468,-161.50042768657647,2026-01-29T14:57:19.241Z
-186.67570470466086,66.17675927506424,-161.50042768657647,2026-01-29T14:57:19.343Z
-186.67570470466086,66.02442408821369,-161.50042768657647,2026-01-29T14:57:19.395Z
-186.67570470466086,65.79673560066871,-161.50042768657647,2026-01-29T14:57:19.446Z
-186.67570470466086,65.49520087700593,-161.50042768657647,2026-01-29T14:57:19.496Z
-186.67570470466086,65.1212968405392,-161.50042768657647,2026-01-29T14:57:19.547Z
-186.67570470466086,65,-161.50042768657647,2026-01-29T14:57:19.598Z
-186.67570470466086,65.41999998688698,-161.50042768657647,2026-01-29T14:57:19.649Z
-186.67570470466086,65.7531999805212,-161.50042768657647,2026-01-29T14:57:19.706Z
-186.67570470466086,66.00133597911214,-161.50042768657647,2026-01-29T14:57:19.750Z
-186.67570470466086,66.16610926093821,-161.50042768657647,2026-01-29T14:57:19.807Z
-186.67570470466086,66.24918707874468,-161.50042768657647,2026-01-29T14:57:19.852Z
-186.67570470466086,66.17675927506424,-161.50042768657647,2026-01-29T14:57:19.903Z
-186.67570470466086,66.02442408821369,-161.50042768657647,2026-01-29T14:57:19.953Z
-186.67570470466086,66.41999998688698,-161.50042768657647,2026-01-29T14:57:20.056Z
-186.67570470466086,66.7531999805212,-161.50042768657647,2026-01-29T14:57:20.105Z
-186.67570470466086,67.00133597911214,-161.50042768657647,2026-01-29T14:57:20.155Z
-186.67570470466086,67.16610926093821,-161.50042768657647,2026-01-29T14:57:20.205Z
-186.67570470466086,67.24918707874468,-161.50042768657647,2026-01-29T14:57:20.255Z
-186.67570470466086,67.17675927506424,-161.50042768657647,2026-01-29T14:57:20.355Z
-186.67570470466086,67.02442408821369,-161.50042768657647,2026-01-29T14:57:20.406Z
-186.67570470466086,66.79673560066871,-161.50042768657647,2026-01-29T14:57:20.457Z
-186.67570470466086,66.49520087700593,-161.50042768657647,2026-01-29T14:57:20.506Z
-186.67570470466086,66.1212968405392,-161.50042768657647,2026-01-29T14:57:20.556Z
-186.67570470466086,66,-161.50042768657647,2026-01-29T14:57:20.606Z
-186.67570470466086,66.41999998688698,-161.50042768657647,2026-01-29T14:57:20.656Z
-186.67570470466086,66.7531999805212,-161.50042768657647,2026-01-29T14:57:20.706Z
-186.67570470466086,67.00133597911214,-161.50042768657647,2026-01-29T14:57:20.758Z
-186.67570470466086,67.16610926093821,-161.50042768657647,2026-01-29T14:57:20.808Z
-186.67570470466086,67.24918707874468,-161.50042768657647,2026-01-29T14:57:20.859Z
-186.67570470466086,67.17675927506424,-161.50042768657647,2026-01-29T14:57:20.960Z
-186.67570470466086,67.02442408821369,-161.50042768657647,2026-01-29T14:57:21.011Z
-186.67570470466086,66.79673560066871,-161.50042768657647,2026-01-29T14:57:21.061Z
-186.67570470466086,66.49520087700593,-161.50042768657647,2026-01-29T14:57:21.111Z
-186.67570470466086,66.1212968405392,-161.50042768657647,2026-01-29T14:57:21.161Z
-186.67570470466086,66,-161.50042768657647,2026-01-29T14:57:21.212Z
-186.67570470466086,66.41999998688698,-161.50042768657647,2026-01-29T14:57:21.264Z
-186.67570470466086,66.7531999805212,-161.50042768657647,2026-01-29T14:57:21.314Z
-186.67570470466086,67.00133597911214,-161.50042768657647,2026-01-29T14:57:21.365Z
-186.67570470466086,67.16610926093821,-161.50042768657647,2026-01-29T14:57:21.416Z
-186.67570470466086,67.24918707874468,-161.50042768657647,2026-01-29T14:57:21.466Z
-186.67570470466086,67.17675927506424,-161.50042768657647,2026-01-29T14:57:21.568Z
-186.67570470466086,67.02442408821369,-161.50042768657647,2026-01-29T14:57:21.619Z
-186.67570470466086,66.79673560066871,-161.50042768657647,2026-01-29T14:57:21.671Z
-186.67570470466086,66.49520087700593,-161.50042768657647,2026-01-29T14:57:21.721Z
-186.67570470466086,66.1212968405392,-161.50042768657647,2026-01-29T14:57:21.773Z
-186.67570470466086,66,-161.50042768657647,2026-01-29T14:57:21.823Z
-186.67570470466086,66.41999998688698,-161.50042768657647,2026-01-29T14:57:21.874Z
-186.67570470466086,66.7531999805212,-161.50042768657647,2026-01-29T14:57:21.925Z
-186.67570470466086,67.00133597911214,-161.50042768657647,2026-01-29T14:57:21.977Z
-186.67570470466086,67.16610926093821,-161.50042768657647,2026-01-29T14:57:22.027Z
-186.67570470466086,67.24918707874468,-161.50042768657647,2026-01-29T14:57:22.078Z
-186.67570470466086,67.17675927506424,-161.50042768657647,2026-01-29T14:57:22.179Z
-186.67570470466086,67.02442408821369,-161.50042768657647,2026-01-29T14:57:22.230Z
-186.67570470466086,66.79673560066871,-161.50042768657647,2026-01-29T14:57:22.281Z
-186.67570470466086,66.49520087700593,-161.50042768657647,2026-01-29T14:57:22.332Z
-186.67570470466086,66.1212968405392,-161.50042768657647,2026-01-29T14:57:22.383Z
-186.67570470466086,66,-161.50042768657647,2026-01-29T14:57:22.432Z
-186.67570470466086,66.41999998688698,-161.50042768657647,2026-01-29T14:57:22.483Z
-186.67570470466086,66.7531999805212,-161.50042768657647,2026-01-29T14:57:22.533Z
-186.67570470466086,67.00133597911214,-161.50042768657647,2026-01-29T14:57:22.584Z
-186.67570470466086,67.16610926093821,-161.50042768657647,2026-01-29T14:57:22.634Z
-186.67570470466086,67.24918707874468,-161.50042768657647,2026-01-29T14:57:22.685Z
-186.67570470466086,67.17675927506424,-161.50042768657647,2026-01-29T14:57:22.787Z
-186.67570470466086,67.02442408821369,-161.50042768657647,2026-01-29T14:57:22.839Z
-186.67570470466086,66.79673560066871,-161.50042768657647,2026-01-29T14:57:22.889Z
-186.67570470466086,66.49520087700593,-161.50042768657647,2026-01-29T14:57:22.940Z
-186.67570470466086,66.1212968405392,-161.50042768657647,2026-01-29T14:57:22.991Z
-186.67570470466086,66,-161.50042768657647,2026-01-29T14:57:23.043Z
-186.67570470466086,66.41999998688698,-161.50042768657647,2026-01-29T14:57:23.094Z
-186.67570470466086,66.7531999805212,-161.50042768657647,2026-01-29T14:57:23.145Z
-186.67570470466086,67.00133597911214,-161.50042768657647,2026-01-29T14:57:23.195Z
-186.67570470466086,67.16610926093821,-161.50042768657647,2026-01-29T14:57:23.245Z
-186.67570470466086,67.24918707874468,-161.50042768657647,2026-01-29T14:57:23.296Z
-186.67570470466086,67.17675927506424,-161.50042768657647,2026-01-29T14:57:23.398Z
-186.67570470466086,67.02442408821369,-161.50042768657647,2026-01-29T14:57:23.449Z
-186.67570470466086,66.79673560066871,-161.50042768657647,2026-01-29T14:57:23.499Z
-186.67570470466086,66.49520087700593,-161.50042768657647,2026-01-29T14:57:23.549Z
-186.67570470466086,66.1212968405392,-161.50042768657647,2026-01-29T14:57:23.600Z
-186.67570470466086,66,-161.50042768657647,2026-01-29T14:57:23.651Z
-186.67570470466086,66.41999998688698,-161.50042768657647,2026-01-29T14:57:23.652Z
-186.67570470466086,66.7531999805212,-161.50042768657647,2026-01-29T14:57:23.701Z
-186.67570470466086,67.00133597911214,-161.50042768657647,2026-01-29T14:57:23.752Z
-186.67570470466086,67.16610926093821,-161.50042768657647,2026-01-29T14:57:23.804Z
-186.67570470466086,67.24918707874468,-161.50042768657647,2026-01-29T14:57:23.855Z
-186.67570470466086,67.17675927506424,-161.50042768657647,2026-01-29T14:57:23.958Z
-186.67570470466086,67.02442408821369,-161.50042768657647,2026-01-29T14:57:24.009Z
-186.67570470466086,66.79673560066871,-161.50042768657647,2026-01-29T14:57:24.058Z
-186.67570470466086,66.49520087700593,-161.50042768657647,2026-01-29T14:57:24.108Z
-186.67570470466086,66.1212968405392,-161.50042768657647,2026-01-29T14:57:24.158Z
-186.67570470466086,66,-161.50042768657647,2026-01-29T14:57:24.209Z
-186.67570470466086,66.41999998688698,-161.50042768657647,2026-01-29T14:57:24.258Z
-186.67570470466086,66.7531999805212,-161.50042768657647,2026-01-29T14:57:24.309Z
-186.67570470466086,67.00133597911214,-161.50042768657647,2026-01-29T14:57:24.360Z
-186.67570470466086,67.16610926093821,-161.50042768657647,2026-01-29T14:57:24.411Z
-186.67570470466086,67.24918707874468,-161.50042768657647,2026-01-29T14:57:24.461Z
-186.67570470466086,67.17675927506424,-161.50042768657647,2026-01-29T14:57:24.563Z
-186.67570470466086,67.02442408821369,-161.50042768657647,2026-01-29T14:57:24.614Z
-186.67570470466086,66.79673560066871,-161.50042768657647,2026-01-29T14:57:24.664Z
-186.67570470466086,66.49520087700593,-161.50042768657647,2026-01-29T14:57:24.716Z
-186.67570470466086,66.1212968405392,-161.50042768657647,2026-01-29T14:57:24.767Z
-186.67570470466086,66,-161.50042768657647,2026-01-29T14:57:24.817Z
-186.67570470466086,66.41999998688698,-161.50042768657647,2026-01-29T14:57:24.919Z
-186.67570470466086,66.7531999805212,-161.50042768657647,2026-01-29T14:57:24.970Z
-186.67570470466086,67.00133597911214,-161.50042768657647,2026-01-29T14:57:25.021Z
-186.67570470466086,67.16610926093821,-161.50042768657647,2026-01-29T14:57:25.072Z
-186.67570470466086,67.24918707874468,-161.50042768657647,2026-01-29T14:57:25.123Z
-186.67570470466086,67.17675927506424,-161.50042768657647,2026-01-29T14:57:25.225Z
-186.67570470466086,67.02442408821369,-161.50042768657647,2026-01-29T14:57:25.276Z
-186.67570470466086,66.79673560066871,-161.50042768657647,2026-01-29T14:57:25.327Z
-186.67570470466086,66.49520087700593,-161.50042768657647,2026-01-29T14:57:25.378Z
-186.67570470466086,66.1212968405392,-161.50042768657647,2026-01-29T14:57:25.428Z
-186.67570470466086,66,-161.50042768657647,2026-01-29T14:57:25.478Z
-186.67570470466086,66.41999998688698,-161.50042768657647,2026-01-29T14:57:25.529Z
-186.67570470466086,66.7531999805212,-161.50042768657647,2026-01-29T14:57:25.581Z
-186.67570470466086,67.00133597911214,-161.50042768657647,2026-01-29T14:57:25.631Z
-186.67570470466086,67.16610926093821,-161.50042768657647,2026-01-29T14:57:25.682Z
-186.67570470466086,67.24918707874468,-161.50042768657647,2026-01-29T14:57:25.733Z
-186.67570470466086,67.17675927506424,-161.50042768657647,2026-01-29T14:57:25.834Z
-186.67570470466086,67.02442408821369,-161.50042768657647,2026-01-29T14:57:25.886Z
-186.67570470466086,66.79673560066871,-161.50042768657647,2026-01-29T14:57:25.937Z
-186.67570470466086,66.49520087700593,-161.50042768657647,2026-01-29T14:57:25.988Z
-186.67570470466086,66.1212968405392,-161.50042768657647,2026-01-29T14:57:26.040Z
-186.67570470466086,66,-161.50042768657647,2026-01-29T14:57:26.092Z
-186.67570470466086,66.41999998688698,-161.50042768657647,2026-01-29T14:57:26.142Z
-186.67570470466086,66.7531999805212,-161.50042768657647,2026-01-29T14:57:26.194Z
-186.67570470466086,67.00133597911214,-161.50042768657647,2026-01-29T14:57:26.245Z
-186.67570470466086,67.16610926093821,-161.50042768657647,2026-01-29T14:57:26.295Z
-186.67570470466086,67.24918707874468,-161.50042768657647,2026-01-29T14:57:26.346Z
-186.67570470466086,67.17675927506424,-161.50042768657647,2026-01-29T14:57:26.448Z
-186.67570470466086,67.02442408821369,-161.50042768657647,2026-01-29T14:57:26.499Z
-186.67570470466086,66.79673560066871,-161.50042768657647,2026-01-29T14:57:26.550Z
-186.67570470466086,66.49520087700593,-161.50042768657647,2026-01-29T14:57:26.600Z
-186.67570470466086,66.1212968405392,-161.50042768657647,2026-01-29T14:57:26.651Z
-186.67570470466086,66,-161.50042768657647,2026-01-29T14:57:26.652Z
-186.67570470466086,66.41999998688698,-161.50042768657647,2026-01-29T14:57:26.702Z
-186.67570470466086,66.7531999805212,-161.50042768657647,2026-01-29T14:57:26.754Z
-186.67570470466086,67.00133597911214,-161.50042768657647,2026-01-29T14:57:26.804Z
-186.67570470466086,67.16610926093821,-161.50042768657647,2026-01-29T14:57:26.855Z
-186.67570470466086,67.24918707874468,-161.50042768657647,2026-01-29T14:57:26.905Z
-186.67570470466086,67.17675927506424,-161.50042768657647,2026-01-29T14:57:27.005Z
-186.67570470466086,67.02442408821369,-161.50042768657647,2026-01-29T14:57:27.056Z
-186.67570470466086,66.79673560066871,-161.50042768657647,2026-01-29T14:57:27.106Z
-186.67570470466086,66.49520087700593,-161.50042768657647,2026-01-29T14:57:27.156Z
-186.67570470466086,66.1212968405392,-161.50042768657647,2026-01-29T14:57:27.206Z
-186.67570470466086,66,-161.50042768657647,2026-01-29T14:57:27.257Z
-186.67570470466086,66.41999998688698,-161.50042768657647,2026-01-29T14:57:27.308Z
-186.67570470466086,66.7531999805212,-161.50042768657647,2026-01-29T14:57:27.359Z
-186.67570470466086,67.00133597911214,-161.50042768657647,2026-01-29T14:57:27.408Z
-186.67570470466086,67.16610926093821,-161.50042768657647,2026-01-29T14:57:27.458Z
-186.67570470466086,67.24918707874468,-161.50042768657647,2026-01-29T14:57:27.509Z
-186.67570470466086,67.17675927506424,-161.50042768657647,2026-01-29T14:57:27.610Z
-186.67570470466086,67.02442408821369,-161.50042768657647,2026-01-29T14:57:27.661Z
-186.67570470466086,66.79673560066871,-161.50042768657647,2026-01-29T14:57:27.712Z
-186.67570470466086,66.49520087700593,-161.50042768657647,2026-01-29T14:57:27.761Z
-186.67570470466086,66.1212968405392,-161.50042768657647,2026-01-29T14:57:27.812Z
-186.67570470466086,66,-161.50042768657647,2026-01-29T14:57:27.862Z
-186.67570470466086,66.41999998688698,-161.50042768657647,2026-01-29T14:57:27.913Z
-186.67570470466086,66.7531999805212,-161.50042768657647,2026-01-29T14:57:27.963Z
-186.67570470466086,67.00133597911214,-161.50042768657647,2026-01-29T14:57:28.014Z
-186.67570470466086,67.16610926093821,-161.50042768657647,2026-01-29T14:57:28.064Z
-186.67570470466086,67.24918707874468,-161.50042768657647,2026-01-29T14:57:28.115Z
-186.67570470466086,67.17675927506424,-161.50042768657647,2026-01-29T14:57:28.216Z
-186.67570470466086,67.02442408821369,-161.50042768657647,2026-01-29T14:57:28.266Z
-186.67570470466086,66.79673560066871,-161.50042768657647,2026-01-29T14:57:28.317Z
-186.67570470466086,66.49520087700593,-161.50042768657647,2026-01-29T14:57:28.368Z
-186.67570470466086,66.1212968405392,-161.50042768657647,2026-01-29T14:57:28.418Z
-186.67570470466086,66,-161.50042768657647,2026-01-29T14:57:28.469Z
-186.67570470466086,66.41999998688698,-161.50042768657647,2026-01-29T14:57:28.520Z
-186.67570470466086,66.7531999805212,-161.50042768657647,2026-01-29T14:57:28.571Z
-186.67570470466086,67.00133597911214,-161.50042768657647,2026-01-29T14:57:28.622Z
-186.67570470466086,67.16610926093821,-161.50042768657647,2026-01-29T14:57:28.674Z
-186.67570470466086,67.24918707874468,-161.50042768657647,2026-01-29T14:57:28.725Z
-186.67570470466086,67.17675927506424,-161.50042768657647,2026-01-29T14:57:28.826Z
-186.67570470466086,67.02442408821369,-161.50042768657647,2026-01-29T14:57:28.877Z
-186.67570470466086,66.79673560066871,-161.50042768657647,2026-01-29T14:57:28.928Z
-186.67570470466086,66.49520087700593,-161.50042768657647,2026-01-29T14:57:28.979Z
-186.67570470466086,66.1212968405392,-161.50042768657647,2026-01-29T14:57:29.031Z
-186.67570470466086,66,-161.50042768657647,2026-01-29T14:57:29.081Z
-186.67570470466086,66.41999998688698,-161.50042768657647,2026-01-29T14:57:29.132Z
-186.67570470466086,66.7531999805212,-161.50042768657647,2026-01-29T14:57:29.183Z
-186.67570470466086,67.00133597911214,-161.50042768657647,2026-01-29T14:57:29.234Z
-186.67570470466086,67.16610926093821,-161.50042768657647,2026-01-29T14:57:29.284Z
-186.67570470466086,67.24918707874468,-161.50042768657647,2026-01-29T14:57:29.335Z
-186.67570470466086,67.17675927506424,-161.50042768657647,2026-01-29T14:57:29.437Z
-186.67570470466086,67.02442408821369,-161.50042768657647,2026-01-29T14:57:29.488Z
-186.67570470466086,66.79673560066871,-161.50042768657647,2026-01-29T14:57:29.539Z
-186.67570470466086,66.49520087700593,-161.50042768657647,2026-01-29T14:57:29.590Z
-186.67570470466086,66.1212968405392,-161.50042768657647,2026-01-29T14:57:29.641Z
-186.67570470466086,66,-161.50042768657647,2026-01-29T14:57:29.692Z
-186.67570470466086,66.41999998688698,-161.50042768657647,2026-01-29T14:57:29.742Z
-186.67570470466086,66.7531999805212,-161.50042768657647,2026-01-29T14:57:29.793Z
-186.67570470466086,67.00133597911214,-161.50042768657647,2026-01-29T14:57:29.845Z
-186.67570470466086,67.16610926093821,-161.50042768657647,2026-01-29T14:57:29.895Z
-186.67570470466086,67.24918707874468,-161.50042768657647,2026-01-29T14:57:29.946Z
-186.67570470466086,67.17675927506424,-161.50042768657647,2026-01-29T14:57:30.048Z
-186.67570470466086,67.02442408821369,-161.50042768657647,2026-01-29T14:57:30.117Z
-186.3,67.41999998688698,-161.50042768657656,2026-01-29T14:57:30.201Z
-186.3,67.7531999805212,-161.50042768657656,2026-01-29T14:57:30.252Z
-186.27452000000002,68.00133597911214,-161.50042768657656,2026-01-29T14:57:30.253Z
-186.22585320000002,68.16610926093821,-161.50042768657656,2026-01-29T14:57:30.304Z
-186.156086412,68.2,-161.50042768657656,2026-01-29T14:57:30.354Z
-186.06711863492,68.12159999847412,-161.50042768657656,2026-01-29T14:57:30.406Z
-185.9606779577772,68,-161.50042768657656,2026-01-29T14:57:30.456Z
-185.73641689148488,68,-161.5004276865766,2026-01-29T14:57:30.506Z
-185.48657029919693,68,-161.50042768657661,2026-01-29T14:57:30.557Z
-185.22275400971535,68,-161.50042768657664,2026-01-29T14:57:30.607Z
-184.95131026556604,68,-161.50042768657667,2026-01-29T14:57:30.656Z
-184.67570193116816,68,-161.5004276865767,2026-01-29T14:57:30.706Z
-184.67570193116816,68.41999998688698,-161.5004276865767,2026-01-29T14:57:30.807Z
-184.67570193116816,68.7531999805212,-161.5004276865767,2026-01-29T14:57:30.858Z
-184.67570193116816,69.00133597911214,-161.5004276865767,2026-01-29T14:57:30.908Z
-184.67570193116816,69.16610926093821,-161.5004276865767,2026-01-29T14:57:30.959Z
-184.67570193116816,69.24918707874468,-161.5004276865767,2026-01-29T14:57:31.008Z
-184.67570193116816,69.17675927506424,-161.5004276865767,2026-01-29T14:57:31.108Z
-184.67570193116816,69.02442408821369,-161.5004276865767,2026-01-29T14:57:31.158Z
-184.67570193116816,68.79673560066871,-161.5004276865767,2026-01-29T14:57:31.208Z
-184.67570193116816,68.49520087700593,-161.5004276865767,2026-01-29T14:57:31.258Z
-184.67570193116816,68.1212968405392,-161.5004276865767,2026-01-29T14:57:31.309Z
-184.67570193116816,68,-161.5004276865767,2026-01-29T14:57:31.360Z
-184.67570193116816,68.41999998688698,-161.5004276865767,2026-01-29T14:57:31.409Z
-184.67570193116816,68.7531999805212,-161.5004276865767,2026-01-29T14:57:31.460Z
-184.67570193116816,69.00133597911214,-161.5004276865767,2026-01-29T14:57:31.511Z
-184.67570193116816,69.16610926093821,-161.5004276865767,2026-01-29T14:57:31.561Z
-184.67570193116816,69.24918707874468,-161.5004276865767,2026-01-29T14:57:31.612Z
-184.67570193116816,69.17675927506424,-161.5004276865767,2026-01-29T14:57:31.713Z
-184.67570193116816,69.02442408821369,-161.5004276865767,2026-01-29T14:57:31.764Z
-184.67570193116816,68.79673560066871,-161.5004276865767,2026-01-29T14:57:31.815Z
-184.67570193116816,68.49520087700593,-161.5004276865767,2026-01-29T14:57:31.866Z
-184.67570193116816,68.1212968405392,-161.5004276865767,2026-01-29T14:57:31.916Z
-184.67570193116816,68,-161.5004276865767,2026-01-29T14:57:31.967Z
-184.67570193116816,68.41999998688698,-161.5004276865767,2026-01-29T14:57:32.018Z
-184.67570193116816,68.7531999805212,-161.5004276865767,2026-01-29T14:57:32.069Z
-184.67570193116816,69.00133597911214,-161.5004276865767,2026-01-29T14:57:32.121Z
-184.67570193116816,69.16610926093821,-161.5004276865767,2026-01-29T14:57:32.171Z
-184.67570193116816,69.24918707874468,-161.5004276865767,2026-01-29T14:57:32.222Z
-184.67570193116816,69.17675927506424,-161.5004276865767,2026-01-29T14:57:32.325Z
-184.67570193116816,69.02442408821369,-161.5004276865767,2026-01-29T14:57:32.375Z
-184.67570193116816,68.79673560066871,-161.5004276865767,2026-01-29T14:57:32.426Z
-184.67570193116816,68.49520087700593,-161.5004276865767,2026-01-29T14:57:32.477Z
-184.67570193116816,68.1212968405392,-161.5004276865767,2026-01-29T14:57:32.529Z
-184.67570193116816,68,-161.5004276865767,2026-01-29T14:57:32.580Z
-184.67570193116816,68.41999998688698,-161.5004276865767,2026-01-29T14:57:32.631Z
-184.67570193116816,68.7531999805212,-161.5004276865767,2026-01-29T14:57:32.681Z
-184.67570193116816,69.00133597911214,-161.5004276865767,2026-01-29T14:57:32.732Z
-184.67570193116816,69.16610926093821,-161.5004276865767,2026-01-29T14:57:32.783Z
-184.67570193116816,69.24918707874468,-161.5004276865767,2026-01-29T14:57:32.833Z
-184.67570193116816,69.17675927506424,-161.5004276865767,2026-01-29T14:57:32.935Z
-184.67570193116816,69.02442408821369,-161.5004276865767,2026-01-29T14:57:32.986Z
-184.67570193116816,68.79673560066871,-161.5004276865767,2026-01-29T14:57:33.036Z
-184.67570193116816,68.49520087700593,-161.5004276865767,2026-01-29T14:57:33.088Z
-184.67570193116816,68.1212968405392,-161.5004276865767,2026-01-29T14:57:33.138Z
-184.67570193116816,68,-161.5004276865767,2026-01-29T14:57:33.189Z
-184.67570193116816,68.41999998688698,-161.5004276865767,2026-01-29T14:57:33.241Z
-184.67570193116816,68.7531999805212,-161.5004276865767,2026-01-29T14:57:33.291Z
-184.67570193116816,69.00133597911214,-161.5004276865767,2026-01-29T14:57:33.341Z
-184.67570193116816,69.16610926093821,-161.5004276865767,2026-01-29T14:57:33.392Z
-184.67570193116816,69.24918707874468,-161.5004276865767,2026-01-29T14:57:33.444Z
-184.67570193116816,69.17675927506424,-161.5004276865767,2026-01-29T14:57:33.544Z
-184.67570193116816,69.02442408821369,-161.5004276865767,2026-01-29T14:57:33.595Z
-184.67570193116816,68.79673560066871,-161.5004276865767,2026-01-29T14:57:33.646Z
-184.67570193116816,68.49520087700593,-161.5004276865767,2026-01-29T14:57:33.697Z
-184.67570193116816,68.1212968405392,-161.5004276865767,2026-01-29T14:57:33.748Z
-184.67570193116816,68,-161.5004276865767,2026-01-29T14:57:33.799Z
-184.67570193116816,68.41999998688698,-161.5004276865767,2026-01-29T14:57:33.850Z
-184.67570193116816,68.7531999805212,-161.5004276865767,2026-01-29T14:57:33.901Z
-184.67570193116816,69.00133597911214,-161.5004276865767,2026-01-29T14:57:33.952Z
-184.67570193116816,69.16610926093821,-161.5004276865767,2026-01-29T14:57:33.952Z
-184.67570193116816,69.24918707874468,-161.5004276865767,2026-01-29T14:57:34.002Z
-184.67570193116816,69.17675927506424,-161.5004276865767,2026-01-29T14:57:34.103Z
-184.67570193116816,69.02442408821369,-161.5004276865767,2026-01-29T14:57:34.154Z
-184.67570193116816,68.79673560066871,-161.5004276865767,2026-01-29T14:57:34.204Z
-184.67570193116816,68.49520087700593,-161.5004276865767,2026-01-29T14:57:34.254Z
-184.67570193116816,68.1212968405392,-161.5004276865767,2026-01-29T14:57:34.305Z
-184.67570193116816,68,-161.5004276865767,2026-01-29T14:57:34.356Z
-184.67570193116816,68.41999998688698,-161.5004276865767,2026-01-29T14:57:34.406Z
-184.67570193116816,68.7531999805212,-161.5004276865767,2026-01-29T14:57:34.457Z
-184.67570193116816,69.00133597911214,-161.5004276865767,2026-01-29T14:57:34.507Z
-184.67570193116816,69.16610926093821,-161.5004276865767,2026-01-29T14:57:34.557Z
-184.67570193116816,69.24918707874468,-161.5004276865767,2026-01-29T14:57:34.607Z
-184.67570193116816,69.17675927506424,-161.5004276865767,2026-01-29T14:57:34.708Z
-184.67570193116816,69.02442408821369,-161.5004276865767,2026-01-29T14:57:34.758Z
-184.67570193116816,68.79673560066871,-161.5004276865767,2026-01-29T14:57:34.808Z
-184.67570193116816,68.49520087700593,-161.5004276865767,2026-01-29T14:57:34.859Z
-184.67570193116816,68.1212968405392,-161.5004276865767,2026-01-29T14:57:34.910Z
-184.67570193116816,68,-161.5004276865767,2026-01-29T14:57:34.960Z
-184.67570193116816,68.41999998688698,-161.5004276865767,2026-01-29T14:57:35.011Z
-184.67570193116816,68.7531999805212,-161.5004276865767,2026-01-29T14:57:35.065Z
-184.67570193116816,69.00133597911214,-161.5004276865767,2026-01-29T14:57:35.112Z
-184.67570193116816,69.16610926093821,-161.5004276865767,2026-01-29T14:57:35.179Z
-184.65022193116818,69.24918707874468,-161.5004276865767,2026-01-29T14:57:35.229Z
-184.53178834316816,69.17675927506424,-161.5004276865767,2026-01-29T14:57:35.322Z
-184.44282056608816,69.02442408821369,-161.5004276865767,2026-01-29T14:57:35.377Z
-184.33637988894534,69,-161.5004276865767,2026-01-29T14:57:35.431Z
-184.3,69.41999998688698,-161.50042768657678,2026-01-29T14:57:35.467Z
-184.3,69.7531999805212,-161.50042768657678,2026-01-29T14:57:35.518Z
-184.27452000000002,70.00133597911214,-161.50042768657678,2026-01-29T14:57:35.569Z
-184.22585320000002,70.16610926093821,-161.50042768657678,2026-01-29T14:57:35.619Z
-184.156086412,70.2,-161.50042768657678,2026-01-29T14:57:35.669Z
-184.06711863492,70.12159999847412,-161.50042768657678,2026-01-29T14:57:35.720Z
-183.9606779577772,70,-161.50042768657678,2026-01-29T14:57:35.771Z
-183.73641689148488,70,-161.5004276865768,2026-01-29T14:57:35.836Z
-183.3,70.2,-161.5004276865769,2026-01-29T14:57:35.886Z
-183.3,70.12159999847412,-161.5004276865769,2026-01-29T14:57:35.939Z
-183.3,70,-161.5004276865769,2026-01-29T14:57:35.990Z
-183.3,70.41999998688698,-161.50042768657718,2026-01-29T14:57:36.384Z
-183.3,70.7531999805212,-161.50042768657718,2026-01-29T14:57:36.434Z
-183.27452000000002,71.00133597911214,-161.50042768657718,2026-01-29T14:57:36.486Z
-183.22585320000002,71.16610926093821,-161.50042768657718,2026-01-29T14:57:36.537Z
-183.156086412,71.2,-161.50042768657718,2026-01-29T14:57:36.586Z
-183.06711863492,71.12159999847412,-161.50042768657718,2026-01-29T14:57:36.638Z
-182.9606779577772,71,-161.50042768657718,2026-01-29T14:57:36.689Z
-182.5,71,-161.5004276865772,2026-01-29T14:57:36.739Z
